Smiles,pIC50
CCCCCCCCc1ccc(O)cc1,4.9
CCCCCCCCc1ccc(O)cc1,4.65
Cc1ccc(Nc2nc(N)nc(CSCCO)n2)cc1,4.77
Nc1nc(CSc2nnc(N)s2)nc(Nc2ccc(F)cc2)n1,4.89
Clc1ccccc1C(c1ccccc1)(c1ccccc1)n1ccnc1,4.9
COc1ccc(Nc2nc(N)nc(CSc3nnc(N)s3)n2)cc1,4.85
O=c1oc2c(O)cccc2cc1-c1ccccc1,4.37
Cc1cccc2cc(-c3ccccc3)c(=O)oc12,4.38
N=C(N)NC(=O)c1nc(Cl)c(N)nc1N,4.92
N=C(N)NC(=O)c1nc(Cl)c(N)nc1N,4.94
Cc1ccc(Nc2nc(N)nc(CSC(C)C(=O)N3CCCCCC3)n2)cc1,4.48
Clc1ccc(COC(Cn2ccnc2)c2ccc(Cl)cc2Cl)cc1,4.83
Cc1cc2[nH]c3cccnc3c2c(C)c1O,4.6
Clc1ccc(COC(Cn2ccnc2)c2ccc(Cl)cc2Cl)c(Cl)c1,4.85
CCn1cnc2ncnc(N)c21,4.52
C#C[C@]1(O)CC[C@H]2[C@@H]3CCc4cc(O)ccc4[C@H]3CC[C@@]21C,4.93
C#C[C@]1(O)CC[C@H]2[C@@H]3CCc4cc(O)ccc4[C@H]3CC[C@@]21C,4.68
O=c1oc2c(O)cccc2cc1-c1ccc(O)c(O)c1,4.85
CC(C)n1cnc2ncnc(N)c21,4.92
O=c1oc2c(O)c(O)ccc2cc1-c1ccccc1,4.92
COCCOC(=O)c1sc(N)c(C#N)c1C,4.77
O=c1oc2c(O)c(O)ccc2cc1-c1ccc(O)cc1,4.26
CCCn1cnc2ncnc(N)c21,4.75
O=c1c(-c2ccc(O)cc2)coc2cc(O)cc(O)c12,4.76
CCOc1cccc2cc(-c3ccccc3)c(=O)oc12,4.26
O=c1oc2c(O)c(O)ccc2cc1-c1ccc(O)c(O)c1,4.59
Cl.N=C1N(Cc2ccccc2)C[C@@H]2Cc3ccccc3CN12,4.19
Cn1c(=O)[nH]c2[nH]cnc2c1=O,4.12
CC(=O)COc1cccc2cc(-c3ccccc3)c(=O)oc12,4.79
CC(=O)Oc1cccc2cc(-c3ccccc3)c(=O)oc12,4.45
COc1cccc2cc(-c3ccc([N+](=O)[O-])cc3)c(=O)oc12,4.23
CC(=O)c1snc(Nc2cc(Cl)ccc2F)c1N,4.39
Cl.N=C1N(CCCCc2ccccc2)C[C@@H]2Cc3ccccc3CN12,4.46
Cc1cc2c(c(C)c1O)c1ccncc1n2C,4.09
O=c1oc2c(O)c(O)ccc2cc1-c1ccsc1,4.83
COc1ccc(-c2cc3cccc(C)c3oc2=O)cc1OC,4.59
Nc1ncnc2c1ncn2CCO,4.96
COc1cc(-c2cc3cccc(C)c3oc2=O)cc(OC)c1OC,4.48
CC(=O)Oc1cccc(-c2nc(C(N)=O)c(N)o2)c1,4.44
Cc1cc2c(c(C)c1O)c1ncccc1n2C,4.36
O=c1c(O)c(-c2ccccc2)oc2cc(O)cc(O)c12,4.78
O=c1c(O)c(-c2ccccc2)oc2cc(O)cc(O)c12,4.74
O=c1c(O)c(-c2ccccc2)oc2cc(O)cc(O)c12,4.48
CC(=O)Oc1cccc2cc(-c3ccsc3)c(=O)oc12,4.83
CCC(C)n1cnc2c(N)ncnc21,4.8
CCn1c(=O)[nH]c2[nH]cnc2c1=O,4.02
CN(CCOc1ccc(C[C@H](Nc2ccccc2C(=O)c2ccccc2)C(=O)O)cc1)c1ccccn1,4.43
CN(CCOc1ccc(C[C@H](Nc2ccccc2C(=O)c2ccccc2)C(=O)O)cc1)c1ccccn1,4.68
CC(=O)Oc1ccc(-c2cc3cccc(OC(C)=O)c3oc2=O)cc1OC(C)=O,4.19
CC(=O)Oc1ccc2cc(-c3ccccc3)c(=O)oc2c1OC(C)=O,4.68
Oc1c(Cl)cc(Cl)cc1Sc1cc(Cl)cc(Cl)c1O,5.93
Oc1c(Cl)cc(Cl)cc1Sc1cc(Cl)cc(Cl)c1O,6.18
C=C(CCC)C1=CC=C(CC2CCCCCCC2)C2C=C(C3=CC=CC3)C=C12,6.46
CC/C(=C(/CC)c1ccc(O)cc1)c1ccc(O)cc1,5.3
CC/C(=C(/CC)c1ccc(O)cc1)c1ccc(O)cc1,5.04
CCc1nc2c([nH]1)c1nc(CC)[nH]c1c1nc(CC)[nH]c21,6.14
CCc1nc2c([nH]1)c1nc(C)[nH]c1c1nc(CC)[nH]c12,6.48
Nc1nc(-c2ccccc2)cc(-c2ccccc2)n1,6.39
Cc1ccc2c(O)ccnc2n1,5.75
Cc1cc(C)nc(NC(=N)NCCc2ccsc2)n1,6.4
Oc1ccccc1-c1n[nH]c(-c2ccccc2)n1,6.16
CN(C)c1ccc(C(=C2C=CC(=[N+](C)C)C=C2)c2ccc(N(C)C)cc2)cc1.[Cl-],5.72
CN(C)c1ccc(C(=C2C=CC(=[N+](C)C)C=C2)c2ccc(N(C)C)cc2)cc1.[Cl-],5.47
COc1cccc(/C=N/N=C(\S)Cc2ccccc2)c1O,5.33
Oc1c(Cl)cc(Cl)c(Cl)c1Cc1c(O)c(Cl)cc(Cl)c1Cl,6.04
Oc1c(Cl)cc(Cl)c(Cl)c1Cc1c(O)c(Cl)cc(Cl)c1Cl,5.79
Cc1ccc2nc(Nc3nc(C)cc(C)n3)[nH]c2c1,5.89
c1ccc2nc(-c3nc4ccccc4[nH]3)cnc2c1,6.25
c1ccc2nc(-c3nc4ccccc4[nH]3)cnc2c1,6.25
O=C(Nc1nc2ccccc2[nH]1)c1ccccc1,5.57
Oc1ccc(OC(F)(F)F)cc1/C=N/N=C(\S)Cc1ccccc1,5.85
COc1ccc(CCNC(=N)Nc2nc(C)cc(C)n2)cc1,6.05
S/C(Cc1ccccc1)=N\N=C\c1cnc2ccccc2c1,5.7
Nc1cccc2c1C(=O)c1ccccc1C2=O,5.5
S/C(Cc1ccccc1)=N\N=C\c1ccc2ccccc2n1,5.92
CC(C)CCNc1ccc(C(=O)Nc2nccs2)cc1,6.14
Nc1ncnc2nc(Br)[nH]c12,5.5
CC/C(=C(\c1ccccc1)c1ccc(OCCN(C)C)cc1)c1ccccc1,5.15
CC/C(=C(\c1ccccc1)c1ccc(OCCN(C)C)cc1)c1ccccc1,5.4
COc1cc(/C=N/N=C(\S)Cc2ccccc2)c(O)c(OC)c1,5.38
Nc1cccc(CC2SC(=O)NC2=O)c1,5.15
CCC(=O)Nc1ccc(C(=O)Nc2nccs2)cc1,6.05
CCCC(=O)Nc1ccc(C(=O)Nc2nccs2)cc1,6.46
CCC(=O)Nc1nc(-c2ccccc2)n[nH]1,5.6
CCCc1cc(O)c2ccc(C)nc2n1,6.05
CCCc1cc(O)c2ccc(C)nc2n1,6.0
COc1cccc(-c2n[nH]c(-c3ccc(Cl)c(Cl)c3)n2)c1,6.16
CCCC(=O)Nc1nc(-c2ccccc2)n[nH]1,5.96
Clc1ccccc1C(c1ccccc1)(c1ccccc1)n1ccnc1,5.15
CCCOc1cc(NC(C)=O)nc(SC)n1,5.95
CCC(=O)Nc1nc(-c2ccccc2)cc(-c2ccccc2)n1,6.05
CCC(=O)Nc1nc(-c2ccccc2)cc(-c2ccccc2)n1,6.26
CC(C)(O)CC(=O)Nc1ccc(C(=O)Nc2nccs2)cc1,5.96
Oc1c(Br)cc2[nH]c3cnccc3c2c1Br,5.31
Oc1c(Br)cc2[nH]c3cnccc3c2c1Br,5.31
CCN(CC)CCCCC(=O)Nc1ccc(C(=O)Nc2nccs2)cc1,6.08
Cc1cc(O)c2ccc(N)nc2n1,5.12
N=C(NCCc1c[nH]c2ccccc12)Nc1ncccn1,5.23
COC(=O)Nc1nc2cc([S+]([O-])c3ccccc3)ccc2[nH]1,5.82
COC(=O)Nc1nc2cc([S+]([O-])c3ccccc3)ccc2[nH]1,6.07
N#C/C(=N\Nc1ccc(S(N)(=O)=O)cc1)c1nc2ccccc2[nH]1,5.3
CCCOc1cc(NC(=O)CC)nc(SC)n1,6.4
O=C1c2ccccc2C(=O)c2cc(OCC(O)CN3CCCCC3)ccc21,5.3
Cc1cc2cc3c(C)cc(=O)oc3c(C)c2o1,5.88
Cc1cc2cc3c(C)cc(=O)oc3c(C)c2o1,6.13
N=C(N)NC(=O)c1nc(Cl)c(N)nc1N,5.48
Clc1ccc(COC(Cn2ccnc2)c2ccc(Cl)cc2Cl)cc1,5.09
Cn1cnc2c(N)ncnc21,5.16
Clc1ccc(COC(Cn2ccnc2)c2ccc(Cl)cc2Cl)c(Cl)c1,5.1
COc1cccc(-c2n[nH]c(CC3CCCCC3)n2)c1,6.16
Cc1cc(O)c(C(C)C)cc1N=C1CSC(=O)N1,5.75
Nc1nnc(-c2ccccc2)c(-c2ccccc2)n1,5.0
Cn1cc2c(Cl)nc(N)nc2n1,5.04
Cc1cccc2[nH]c(-c3cnc4ccccc4n3)nc12,6.08
Cc1cccc2[nH]c(-c3cnc4ccccc4n3)nc12,6.08
Cc1cccc2[nH]c(-c3cnc4ccccc4n3)nc12,6.08
Nc1nc(NCc2ccc(Cl)cc2)nc(-c2ccccc2CO)n1,5.77
Nc1nc(NCc2ccc(Cl)cc2)nc(-c2ccccc2CO)n1,5.17
Oc1cc(-c2ccccc2)nc2ncccc12,5.7
O=C(CC1CCCN1)Nc1ccc(C(=O)Nc2nccs2)cc1,5.18
O=c1[nH]c(=O)c2nc3ccccc3nc2[nH]1,6.03
O=C(Nc1nc(-c2ccccc2)n[nH]1)c1ccccc1,6.4
OC(c1ccccc1)c1cc(C(F)(F)F)nc2ccccc12,5.02
COc1cc(C(=O)NCc2ccccn2)nc(N)n1,5.48
O=C(COc1ccccc1)Nc1nc(-c2ccccc2)n[nH]1,5.75
Cc1cn2c(N)nc(-c3ccccc3)nc2n1,6.17
CCC(=O)Nc1nc(-c2ccsc2)cc(-c2ccsc2)n1,5.72
O=C(CCc1ccccc1)Nc1nc(-c2ccccc2)n[nH]1,5.47
O=C(COCc1ccccc1)Nc1nc(-c2ccccc2)n[nH]1,5.3
Nc1nc(-c2ccccc2)cc(-c2ccc3c(c2)OCO3)n1,6.42
Cc1ccc2c(S)c(Cc3ccccc3)cnc2n1,5.04
Cc1cc(C)nc(NC(=N)NCCc2c[nH]c3ccccc23)n1,6.4
CCCC(=O)Nc1nc(-c2ccsc2)cc(-c2ccsc2)n1,5.34
Cc1ccc(Nc2nc(N)nc(CSC(C)C(=O)NCc3ccccc3Cl)n2)cc1,5.22
Cc1ccc2c(O)c(Cc3ccccc3)cnc2n1,5.48
Nc1nn(-c2ccccc2)nc1C(=O)CCc1ccccc1,5.7
COc1cccc2nc(NC(=O)c3ccccc3)[nH]c12,6.28
O=C(Nc1nc(-c2ccccc2)n[nH]1)c1ccc(Cl)cc1,5.55
O=c1c(-c2ccc(O)cc2)coc2cc(O)cc(O)c12,5.01
O=c1oc2c(O)cccc2cc1-c1ccsc1,5.01
CCC(=O)Nc1nc(-c2ccccc2F)cc(-c2ccccc2F)n1,6.37
CSc1cccc2[nH]c(-c3cnc4ccccc4n3)nc12,5.52
O=C(COc1ccccc1)Nc1nc(-c2ccc(F)cc2)n[nH]1,5.46
C[S+]([O-])c1ccc(-c2nc(-c3ccc(F)cc3)c(-c3ccncc3)[nH]2)cc1,5.22
C[S+]([O-])c1ccc(-c2nc(-c3ccc(F)cc3)c(-c3ccncc3)[nH]2)cc1,5.47
Cc1ccc(-c2n[nH]c(NC(=O)COc3ccccc3)n2)cc1,5.44
C[C@@H](Sc1ccccc1)C(=O)Nc1nc(-c2ccccc2)n[nH]1,5.66
Nc1ccc2oc(-c3ccco3)nc2c1,5.0
Nc1ccc2oc(-c3ccco3)nc2c1,5.0
CCCC(=O)Nc1nc(-c2ccccc2F)cc(-c2ccccc2F)n1,6.19
Cc1cccc(OCC(=O)Nc2nc(-c3ccccc3)n[nH]2)c1,5.7
Nc1nnc(-c2cccc(Cl)c2)c(-c2ccccc2)n1,6.4
CCOC(=O)c1nc[nH]c1/N=N/c1c(O)ccc2ccccc12,5.9
Nc1cc(C(=O)NCc2cccc3cccnc23)c2ccccc2n1,6.08
CCSc1cccc2[nH]c(-c3cnc4ccccc4n3)nc12,5.46
CCSc1cccc2[nH]c(-c3cnc4ccccc4n3)nc12,5.46
O=C(Nc1nc(-c2ccccc2)n[nH]1)C1CCCO1,5.23
COc1ccc(CC(=O)Nc2nc(-c3ccccc3)n[nH]2)cc1,6.0
COc1cccc(-c2n[nH]c(CCc3ccc(Cl)c(Cl)c3)n2)c1,6.0
C[C@@H](Oc1ccccc1)C(=O)Nc1nc(-c2ccccc2)n[nH]1,6.0
Cc1cc(C)cc(OCC(=O)Nc2nc(-c3ccccc3)n[nH]2)c1,5.5
COc1cc(C(=O)NCc2ncccc2C)nc(N)n1,5.61
CCn1cnc2c(N)ncnc21,5.66
CCn1cnc2c(N)ncnc21,5.66
Nc1nc(-c2ccccc2)nc2sccc12,6.3
Cc1ccccc1OCC(=O)Nc1nc(-c2ccccc2)n[nH]1,5.77
O=C(NCc1ccccc1)c1cnc2ncccc2c1O,5.93
Nc1c(Oc2ccccc2)ccc2c1C(=O)c1ccccc1C2=O,6.0
Cc1ccc2c(NN)c(Cc3ccccc3)cnc2n1,6.14
Nc1ncnc2cn(-c3ccccc3)nc12,6.39
CC(C)n1cc2c(Cl)nc(N)nc2n1,5.48
Oc1cc(-c2ccccc2)nc2nc(F)ccc12,5.57
Cc1ccc2c(O)c(Cc3ccccc3Cl)cnc2n1,6.01
Clc1ncnc2sc(Nc3ccccc3)nc12,5.82
CCCSc1nc(NC(C)=O)cc(OCc2ccccc2Cl)n1,5.38
COC(=O)Nc1nc2ccc(C(=O)c3cccs3)cc2[nH]1,5.12
COC(=O)Nc1nc2ccc(C(=O)c3cccs3)cc2[nH]1,5.38
Oc1cc(-c2ccccc2)nc2nc(Cl)ccc12,6.35
O=C(c1ccc(F)cc1)c1c[nH]c(C(=O)NCCCn2ccnc2)c1,5.33
Cc1cccc(C)c1OCC(=O)Nc1nc(-c2ccccc2)n[nH]1,5.77
Cc1ccc(O[C@H](C)C(=O)Nc2nc(-c3ccccc3)n[nH]2)cc1,5.19
Cc1ccc(N2C(=O)c3cccc(N)c3C2=O)cc1,5.54
CC(C)n1cnc2c(N)ncnc21,5.39
C[C@@H](Oc1ccc(Cl)cc1)C(=O)Nc1nc(-c2ccccc2)n[nH]1,5.4
CC(C)(C)Cn1cc2c(Cl)nc(N)nc2n1,5.39
CC(=O)Nc1cc(-c2ccccc2)nc(-c2ccccc2)n1,6.31
Nc1ccc2c(O)cc(-c3ccccc3)nc2n1,5.05
Nc1ccc2c(O)cc(-c3ccccc3)nc2n1,5.23
Nc1ccc2c(O)cc(-c3ccccc3)nc2n1,5.23
Cc1ccc2c(S)cc(-c3ccccc3)nc2n1,5.9
Cc1ccc2c(S)cc(-c3ccccc3)nc2n1,5.9
Nc1nn(-c2ccccc2Cl)nc1C(=O)CCc1ccccc1,6.2
Cn1nc(-c2ccc(N=[N+]=[N-])cc2)nc1-c1cccc(CN2CC=CC2)c1,6.4
COc1cc(NC(=O)c2ccc(-c3ccc(Cl)cc3)o2)cc(OC)c1,5.0
Cc1cccc(NC2=C(N)C(=O)c3ccccc3C2=O)c1,6.1
Cc1ccc2c(N=[N+]=[N-])c(Cc3ccccc3)cnc2n1,5.47
Cc1ccc2c(N=[N+]=[N-])c(Cc3ccccc3)cnc2n1,5.27
Cc1ccc2c(O)cc(-c3ccccc3)nc2n1,6.26
Cc1ccc2c(O)cc(-c3ccccc3)nc2n1,6.34
Cc1ccc2c(O)cc(-c3ccccc3)nc2n1,6.34
COc1ccc(N)c2c1C(=O)c1ccccc1C2=O,6.28
COc1ccc2c(CCNC(=N)Nc3nc(C)cc(C)n3)c[nH]c2c1,6.22
COc1ccc2c(O)cc(-c3ccccc3)nc2n1,5.85
COc1ccc2c(O)cc(-c3ccccc3)nc2n1,6.31
COc1ccc2c(O)cc(-c3ccccc3)nc2n1,5.85
O=c1oc2c(O)cccc2cc1-c1cccs1,5.13
Clc1ccc(Nc2nc3c(Cl)ncnc3s2)cc1,5.57
CC[C@@H](Oc1ccccc1)C(=O)Nc1nc(-c2ccccc2)n[nH]1,5.85
Cc1ccc2c(N)cc(-c3ccccc3)nc2n1,6.38
Cc1ccc2c(N)cc(-c3ccccc3)nc2n1,6.38
Cc1cccc(O[C@H](C)C(=O)Nc2nc(-c3ccccc3)n[nH]2)c1,5.92
Cc1ccc(Nc2nc3c(Cl)ncnc3s2)cc1,5.31
Nc1nc(C(=O)NCc2ccncc2)nc(-c2ccco2)n1,6.38
C[C@@H](Oc1cccc(Cl)c1)C(=O)Nc1nc(-c2ccccc2)n[nH]1,6.0
c1cc(CN2CCCC2)cc(-c2n[nH]c(-c3ccc4c(c3)OCCO4)n2)c1,6.0
OC(c1ccccc1)c1nc(C(F)(F)F)nc2ccccc12,5.19
Nc1cc(-c2ccc3c(c2)OCO3)nc(-c2ccccc2)n1,6.25
CCCn1cnc2c(N)ncnc21,5.02
CCCn1cnc2c(N)ncnc21,5.02
COc1ccc(-c2cc(=O)[nH]c(Nc3ccccc3)n2)cc1OC,5.44
Cc1cccc(-c2n[nH]c(NC(=O)[C@@H](C)Oc3ccccc3)n2)c1,5.75
Cc1cccc(-c2n[nH]c(NC(=O)C(C)Oc3ccccc3)n2)c1,5.7
Nc1c(C(=O)c2ccccc2)oc2ccc(Br)cc12,5.66
Clc1ncnc2sc(Nc3cccc(Br)c3)nc12,5.53
C[C@@H](Oc1ccccc1F)C(=O)Nc1nc(-c2ccccc2)n[nH]1,6.0
CC(C)(Oc1ccc(Cl)cc1)C(=O)Nc1nc(-c2ccccc2)n[nH]1,5.06
O[C@H]1CC[C@H](Nc2ncc(-c3ccc4ccccc4c3)c(-c3ccccc3)n2)CC1,5.86
Cc1ccc2c(O)c(CC(=O)NCc3ccccc3)cnc2n1,6.06
CCOc1ccc2c(O)cc(-c3ccccc3)nc2n1,5.82
COc1ccc(Nc2nc3c(Cl)ncnc3s2)cc1,5.45
C=CCCn1cnc2c(N)ncnc21,5.07
CC(C)C(=O)Nc1cc(-c2ccccc2)nc(-c2ccccc2)n1,6.42
Cc1ccc2c(O)cc(-c3ccc(F)cc3)nc2n1,6.36
Cc1ccc2c(O)cc(-c3ccc(F)cc3)nc2n1,6.2
Cc1ccc2c(O)cc(-c3ccc(F)cc3)nc2n1,6.2
CC(=O)Nc1cc(-c2ccc(F)cc2)nc(-c2ccc(F)cc2)n1,5.88
Nc1ncnc2c1ncn2Cc1ccccc1,5.07
Cc1ccc2c(O)cc(-c3ccc(N)cc3)nc2n1,6.3
Cc1nc2ccc(NC(=O)Nc3ccnc4cccnc34)cc2o1.Cl,6.17
Cc1nc2ccc(NC(=O)Nc3ccnc4cccnc34)cc2o1,6.17
CCCCn1cnc2c(N)ncnc21,5.11
O=C(NCc1ccccc1)c1cnc2nc(Br)ccc2c1O,5.45
Nc1ncnc2c1ncn2CCCO,5.41
COc1cccc2cc(C(=O)NCCO)c(=N)oc12,6.0
O=C(Nc1nc(C2CC2)cs1)c1cc2ccccc2s1,5.54
Fc1ccc(CNc2nc(-c3ccc(Cl)cc3)cc(C(F)(F)F)n2)cc1,6.34
Nc1nc(-c2ccccc2O)nc(N2Cc3ccc(F)cc3C2)n1,6.0
Cc1ccc2c(O)c(CC(=O)NC3CCCCC3)cnc2n1,5.15
CSc1cc(-c2ccccc2)nc2nc(C)ccc12,5.0
Cc1nc2c(N)nc(Nc3ccccc3)nc2s1,6.22
S/C(Cc1ccccc1)=N\N=C\c1ccccn1,7.0
COc1ccc(/C=N/N=C(\S)Cc2ccccc2)c(O)c1,7.0
Nc1nc(-c2ccccc2)nc(-c2ccccc2O)n1,7.37
CC(C)(C)CNC(=O)c1ccc(C(=O)Nc2nccs2)cc1,6.96
COC(=O)/C(C#N)=C/c1cccc(OC)c1O,6.5
Nc1ccc(N)c2c1C(=O)c1ccccc1C2=O,6.5
CC(C)C(=O)Nc1ccc(C(=O)Nc2nccs2)cc1,6.52
CC(C)CC(=O)Nc1ccc(C(=O)Nc2nccs2)cc1,7.05
CC(C)CC(=O)Nc1ccc(C(=O)Nc2nccs2)cc1,7.23
CCCCC(=O)Nc1ccc(C(=O)Nc2nccs2)cc1,6.72
CCCCC(=O)Nc1ccc(C(=O)Nc2nccs2)cc1,6.72
CC(C)(C)CC(=O)Nc1ccc(C(=O)Nc2nccs2)cc1,7.44
CC(C)(C)CC(=O)Nc1ccc(C(=O)Nc2nccs2)cc1,7.44
N#Cc1cnc(N)nc1-c1ccccc1,6.8
Cc1ccccc1C(=O)Nc1ccc(C(=O)Nc2nccs2)cc1,6.66
CCN(CC)CCCCCC(=O)Nc1ccc(C(=O)Nc2nccs2)cc1,6.62
CCN(CC)CCCCCCCC(=O)Nc1ccc(C(=O)Nc2nccs2)cc1,6.89
O=C(CC1CCCC1)Nc1ccc(C(=O)Nc2nccs2)cc1,7.17
Nc1cc(-c2ccccc2)nc(-c2ccccc2)n1,6.77
CCN(CC)CCC(C)CC(=O)Nc1ccc(C(=O)Nc2nccs2)cc1,6.96
Nc1ncc(-c2ccncc2)c(-c2ccccc2)n1,6.97
Cc1cnc(NC(=O)c2ccc(NC(=O)CC(C)(C)C)cc2)s1,6.92
O=C(Nc1nc(-c2ccccc2)cc(-c2ccccc2)n1)C1CC1,6.64
Nc1ncc(-c2ccc3ccccc3c2)c(-c2ccccc2)n1,6.89
Nc1nnc(-c2ccccc2)c(-c2ccccc2)n1,6.93
Nc1nnc(-c2ccccc2)c(-c2ccccc2)n1,6.94
O=C(Nc1nc2cccc(Cl)c2[nH]1)c1ccccc1,7.0
CN(C)c1nc(-n2cccn2)nc(N)c1Br,7.3
CN(C)c1nc(-n2cccn2)nc(N)c1Br,7.46
CC(CCN1CCOCC1)CC(=O)Nc1ccc(C(=O)Nc2nccs2)cc1,6.96
Nc1ncc(-c2cccc(Cl)c2)c(-c2ccccc2)n1,6.92
CCCOc1cc(NC(=O)CC)nc(SCCC)n1,7.15
Nc1nc(NCc2ccc(Cl)cc2)nc(-c2ccccc2CO)n1,6.52
CCC(=O)Nc1nc(-c2ccc(SC)cc2)cc(-c2ccc(SC)cc2)n1,6.74
Cc1cc(C(=O)Nc2nccs2)ccc1NC(=O)CC(C)(C)C,7.17
O=C(Nc1nc(-c2ccccc2)cc(-c2ccccc2)n1)C1CCCC1,6.71
Cc1ccc(C(=O)Nc2nc(-c3ccccc3)n[nH]2)cc1,6.52
Cc1cc(NC(=O)CC(C)(C)C)ccc1C(=O)Nc1nccs1,6.7
COc1cccc(-c2cnc(N)nc2-c2ccccc2)c1,6.81
Nc1ccc(Cl)c2c1C(=O)c1ccccc1C2=O,6.6
Clc1ccc(Cc2n[nH]c(-c3cnccn3)n2)cc1Cl,7.22
Nc1nc(-n2cccn2)nc(NC2CC2)c1Br,7.22
Cc1nc(NC(=O)c2ccc(NC(=O)CC(C)(C)C)cc2)sc1C,6.66
Cc1ccc(COC(=O)c2nn(-c3ccccc3)nc2N)cc1,6.82
COc1cccc(-c2n[nH]c(Cc3ccc4ccccc4c3)n2)c1,7.0
Nc1nc(-c2ccccc2)cn2cc(-c3ccccc3)nc12,6.51
CC(C)(C)CC(=O)Nc1ccc(C(=O)Nc2nccs2)c(Cl)c1,6.75
COc1cccc2cc(C(N)=O)c(=N)oc12,7.1
Cc1cccc(-n2nc(N)c(C(=O)CCc3ccccc3)n2)c1,6.6
Nc1ncc(-c2cccc(C(F)(F)F)c2)c(-c2ccccc2)n1,7.01
COc1cccc(-c2n[nH]c(Cc3ccc(F)c(F)c3)n2)c1,7.16
COc1cccc(-c2n[nH]c(Cc3ccc(Cl)c(Cl)c3)n2)c1,7.4
COc1cccc(-c2n[nH]c(Cc3ccc(Cl)c(Cl)c3)n2)c1,7.4
Nc1nnc(-c2cccc(Cl)c2)c(-c2ccccc2)n1,7.29
Cc1ccccc1COC(=O)c1nn(-c2ccccc2)nc1N,7.31
O=C(Nc1cnc(-c2ccncc2)c(-c2ccncc2)n1)C1CC1,6.51
COc1ccc(-c2cnc(N)nc2-c2ccccc2)cc1Cl,6.6
CCCC(=O)Nc1nc(-c2cccs2)cc(-c2cccs2)n1,6.7
Nc1nnc(-c2cc(Cl)cc(Cl)c2)c(-c2ccccc2)n1,7.3
Nc1nc(-n2cccn2)nc(N2CCC2)c1Br,7.48
CC(C)(C)CC(=O)Nc1ccc(C(=O)Nc2nccs2)nc1,6.52
Oc1cc(-c2ccccc2)nc2nc(F)ccc12,6.77
Oc1cc(-c2ccccc2)nc2nc(F)ccc12,6.77
Oc1cc(-c2ccccc2)nc2nc(Br)ccc12,7.0
Oc1cc(-c2ccccc2)nc2nc(Br)ccc12,7.18
Oc1cc(-c2ccccc2)nc2nc(Br)ccc12,7.18
Oc1cc(-c2ccccc2)nc2nc(Cl)ccc12,7.0
Oc1cc(-c2ccccc2)nc2nc(Cl)ccc12,7.0
Cc1cc(C)nc(NC(=N)NCCc2c[nH]c3ccc(F)cc23)n1,6.7
O=C(C/C=C/c1ccccc1)Nc1nc2ccccc2c(=O)s1,6.93
O=C(CCCc1ccccc1)Nc1nc2ccccc2c(=O)s1,7.4
Cn1c(Br)nc2c(N)ncnc21,6.92
Cn1c(Br)nc2c(N)ncnc21,6.92
N#Cc1c(-c2ccccc2)cc(-c2ccccc2)nc1N,6.89
CC(=O)Nc1cc(-c2ccccc2)nc(-c2ccccc2)n1,6.59
CC(=O)Nc1cc(-c2ccccc2)nc(-c2ccccc2)n1,6.59
O=C(CCc1ccccc1)Nc1nc2ccccc2c(=O)s1,7.09
CC(C)C(=O)Nc1nc(-c2ccccc2)c(C#N)c(-c2ccccc2)n1,7.45
CCCC(=O)Nc1nc(-c2ccccc2)c(C#N)c(-c2ccccc2)n1,7.32
COc1cccc(-c2n[nH]c(Cc3cccc([N+](=O)[O-])c3)n2)c1,7.1
Cc1ccc2c(S)cc(-c3ccccc3)nc2n1,6.64
COc1cc(NC(=O)CC(C)(C)C)ccc1C(=O)Nc1nccs1,7.3
Cc1ccc2c(N)cc(-c3ccccc3)nc2n1,6.68
Cc1cccc(O[C@H](C)C(=O)Nc2nc(-c3ccccc3)n[nH]2)c1,6.7
Cc1cccc(O[C@H](C)C(=O)Nc2nc(-c3ccccc3)n[nH]2)c1,6.7
Fc1ccc(CNc2nc(-c3ccccc3)cc(C(F)(F)F)n2)cc1,6.54
Cc1ccc(-c2cc(-c3ccccc3)nc(N)c2C#N)cc1,6.93
N#Cc1c(-c2ccccc2)nc(NC(=O)C2CC2)nc1-c1ccccc1,7.34
COc1ccccc1NC(=O)Nc1nc(-c2ccccc2)n[nH]1,6.7
N#Cc1c(-c2ccc(F)cc2)cc(-c2ccccc2)nc1N,7.06
CCC(CC)C(=O)Nc1nc(-c2ccccc2)c(C#N)c(-c2ccccc2)n1,7.26
Clc1ccc(Cc2n[nH]c(-c3ccc4c(c3)OCO4)n2)cc1Cl,7.0
CCC(=O)Nc1cc(-c2ccccc2)nc(-c2ccccc2)n1,7.09
CCC(=O)Nc1cc(-c2ccccc2)nc(-c2ccccc2)n1,7.07
COc1ccccc1C(=O)Nc1nc(-c2ccccc2)n[nH]1,6.7
Nc1ncc(-c2ccnc(C3CC3)c2)c(-c2ccccc2)n1,7.44
N#Cc1c(-c2ccc(Cl)cc2)cc(-c2ccccc2)nc1N,6.7
CC(=O)Nc1ccc(-c2ccncc2)c(-c2cccc(F)c2)n1,6.54
N#Cc1c(-c2ccc(F)cc2)cc(C2CC2)nc1N,6.97
O=C(Nc1ccc(-c2ccncc2)c(-c2ccncc2)n1)C1CC1,6.79
O=C(Nc1cnc(-c2ccncc2)c(-c2cccnc2)n1)C1CC1,6.51
c1ccc(-c2cc(-c3ccccc3)c3nc[nH]c3n2)cc1,7.41
Cc1cccc(-c2cc(-c3ccccc3)nc(N)c2C#N)c1,6.89
CCCC(=O)Nc1cc(-c2ccccc2)nc(-c2ccccc2)n1,6.99
CCCC(=O)Nc1cc(-c2ccccc2)nc(-c2ccccc2)n1,6.91
Cn1c(-n2nccn2)nc2c(N)nccc21,7.29
Cc1ccc2c(O)cc(-c3ccc(N)cc3)nc2n1,6.96
O=C(NCc1ccccc1)c1cnc2nc(Cl)ccc2c1O,7.17
CC(C)CC(=O)Nc1cc(-c2ccccc2)nc(-c2ccccc2)n1,6.8
CCN(CC)c1cc(NC(C)=O)nc(-n2nc(C)cc2C)n1,7.04
N#Cc1c(-c2ccccc2)nc(NC(=O)C2CCCC2)nc1-c1ccccc1,6.8
Cc1nc(N)c2nn(-c3ccccc3)cc2n1,6.61
Cc1nc(N)c2nn(-c3ccccc3)cc2n1,6.61
Cc1nc(N)c2nn(-c3ccccc3)cc2n1,6.61
Cc1nc(N)c2nn(-c3ccccc3)cc2n1,6.61
CSc1cc(-c2ccccc2)nc2nc(C)ccc12,6.68
c1ccc(-c2nc(-c3ccccc3)c3[nH]cnc3n2)cc1,7.28
Cc1ccc2c(O)c(C(=O)NCc3ccccc3)cnc2n1,7.3
Nc1nc(C(=O)NCc2cccnc2)nc(-c2ccco2)n1,7.06
O=C(Nc1cc(-c2ccccc2)nc(-c2ccccc2)n1)C1CC1,6.72
Cc1ccc2c(O)cc(-c3cccc(N)c3)nc2n1,6.64
CCCn1c(/N=C/c2ccc(Cl)cc2)c(C#N)sc1=S,7.26
Cc1ccc(CNC(=O)c2cnc3nc(C)ccc3c2O)cc1,6.73
Cc1ccc(CNC(=O)c2cnc3nc(C)ccc3c2O)cc1,6.8
O=C(CCCc1ccccc1)Nc1nc2sccc2c(=O)s1,7.08
Nc1ccc2c(O)c(C(=O)NCc3ccccc3)cnc2n1,6.8
Nc1ccc2c(O)c(C(=O)NCc3ccccc3)cnc2n1,6.52
COc1cccc(/C=C/CC(=O)Nc2nc3ccccc3c(=O)s2)c1,7.04
CCc1nc(-c2ncc[nH]2)c2sccc2n1,6.85
O=C(Nc1ccc(-c2ccncc2)c(-c2ccc(F)cc2)n1)C1CC1,7.41
CC(=O)Nc1cc(-c2ccsc2)nc(-c2ccsc2)n1,7.4
N#Cc1c(-c2ccccc2Cl)cc(-c2ccccc2)nc1N,7.05
Cc1ccc(C(=O)Nc2nc(-c3ccccc3)c(C#N)c(-c3ccccc3)n2)cc1,6.8
COc1cccc(/C=C/C(=O)Nc2nc3ccccc3c(=O)s2)c1,7.21
Cc1ccc2c(O)c(C(=O)NCc3ccc(Cl)cc3)cnc2n1,6.82
Cc1ccc2c(O)c(C(=O)NCc3ccc(Cl)cc3)cnc2n1,6.68
COc1cccc(CCCC(=O)Nc2nc3ccccc3c(=O)s2)c1,6.94
COc1cccc(CCC(=O)Nc2nc3ccccc3c(=O)s2)c1,7.19
O=C(Nc1cc(-c2ccccc2)nc(-c2ccccc2)n1)C1CCC1,6.75
O=C(Nc1ccc(Br)c(-c2ccco2)n1)C1CC1,7.46
Clc1ccc(-c2nc(-c3ccccc3)c3[nH]cnc3n2)cc1,6.5
Nc1nc2ccccc2c2cn(-c3ccccc3)nc12,7.04
Nc1nc2ccccc2c2cn(-c3ccccc3)nc12,7.04
COc1cccc2cc(C(=O)NCCCN3CCN(CCCNC(=O)c4cc5cccc(OC)c5oc4=N)CC3)c(=N)oc12,6.5
COc1cccc(-c2n[nH]c(Cc3ccc(Cl)c(Cl)c3)n2)c1OC,7.05
Cc1ccc2c(O)c(C(=O)NCc3ccc(N)cc3)cnc2n1,6.84
Cc1nc2c(N)nc(NCCc3ccccc3)nc2s1,7.11
Cc1ccc2c(O)c(C(=O)NCc3ccc(F)cc3)cnc2n1,6.7
Cc1ccc2c(O)c(C(=O)NCc3ccc(F)cc3)cnc2n1,6.94
c1ccc(-c2nc(-c3ccccc3)c3[nH]c(-c4ccccc4)nc3n2)cc1,7.18
CC(=O)Nc1cc(N2CCCC2)nc(-n2nc(C)cc2C)n1,6.96
COc1cccc2cc(C(=O)NCCc3ccc(O)cc3)c(=N)oc12,6.9
Cc1ccc2c(O)c(C(=O)NCCc3ccccc3)cnc2n1,6.85
Cc1ccc2c(O)c(C(=O)NCCc3ccccc3)cnc2n1,6.82
Cc1ccc(-c2nc(-c3ccccc3)c3[nH]cnc3n2)cc1,6.54
CC(=O)Nc1cc(-c2ccoc2)nc(-c2ccoc2)n1,7.13
N#Cc1c(-c2ccccc2)nc(NC(=O)c2ccc(Cl)cc2)nc1-c1ccccc1,7.48
O=C(Nc1cc(-c2ccccc2)nc(-c2ccccc2)n1)C1CCCC1,6.71
CC(=O)Nc1cc(N2CCOCC2)nc(-n2nc(C)cc2C)n1,6.5
O=C(Nc1ccc(-c2ccncc2)c(-c2cccc(F)c2)n1)C1CC1,7.24
Nc1nc(Br)cn2cc(-c3ccco3)nc12,6.58
CCC(=O)Nc1cc(-c2ccsc2)nc(-c2ccsc2)n1,7.2
CC1(C)CCCN(c2nnc(N)nc2-c2ccccc2)C1,7.39
Cc1ccc(-c2cc(C(=O)NCc3ccccn3)nc(N)n2)cc1,7.44
Cc1nc2c(N)nc(NCCc3cccs3)nc2s1,7.21
Cc1nc2c(N)nc(NCCc3cccs3)nc2s1,6.99
Cc1nc2c(N)nc(NCCc3cccs3)nc2s1,7.08
CCn1c(Br)nc2c(N)ncnc21,7.28
CCn1c(Br)nc2c(N)ncnc21,7.28
O=C(Nc1cc(-c2ccccc2)nc(-c2ccccc2)n1)C1CCCCC1,6.68
CC(=O)Nc1cc(N2CCCCC2)nc(-n2nc(C)cc2C)n1,7.11
COc1cccc(-c2cc(NC(C)=O)nc(-c3cccc(OC)c3)n2)c1,7.31
Cc1nc2c(N)nc(NCc3cccs3)nc2s1,6.5
O=C(Nc1cnc(-c2ccncc2)c(-c2ccccn2)n1)C1CC1,6.51
Nc1nc(-c2ccco2)c2cc[nH]c2n1,6.62
Nc1nc(-c2ccco2)c2cc[nH]c2n1,6.62
Cc1ccc2c(O)cc(-c3ccccc3F)nc2n1,7.4
Nc1nc(N)n2nc(-c3ccco3)nc2n1,6.8
COc1ccc(C(=O)Nc2nc(-c3ccccc3)c(C#N)c(-c3ccccc3)n2)cc1,6.52
COc1cc(-c2cc(-c3ccc(O)cc3)nc(N)c2C#N)ccc1O,6.82
CCC(=O)Nc1cc(-c2ccoc2)nc(-c2ccoc2)n1,7.08
N#Cc1c(-c2cccc(OC(F)(F)F)c2)cc(-c2ccccc2)nc1N,7.24
CN(C)c1nc(-c2ncc[nH]2)c2sccc2n1,6.52
COc1cccc(-c2cc(C(F)(F)F)nc(NCc3ccc(F)cc3)n2)c1,6.54
COc1ccc(-c2cc(-c3ccccc3)nc(N)c2C#N)cc1OC,6.8
COC[C@H]1CCCN1c1cc(NC(C)=O)nc(-c2cccs2)n1,7.33
O=C(Nc1cnc(-c2ccncc2)c(-c2ccccc2F)n1)C1CC1,7.29
CC(=O)Nc1cc(-c2ccccc2F)nc(-c2ccccc2F)n1,7.13
Cc1nc(N)c2nc(-c3ccccc3)sc2n1,6.61
Cc1ccc2c(O)c(C(=O)NCc3ccco3)cnc2n1,7.35
Cc1ccc2c(O)c(C(=O)NCc3ccco3)cnc2n1,7.46
COC[C@H]1CCCN1c1cc(NC(C)=O)nc(-c2ccccn2)n1,7.34
COC[C@@H]1CCCN1c1cc(NC(C)=O)nc(-c2ccccn2)n1,7.3
Cc1ccc2c(O)c(C(=O)NCc3ccc([N+](=O)[O-])cc3)cnc2n1,7.0
CCCCc1nc2[nH]cnc2c2nc(C)nn12,7.34
Oc1nc2c(-c3ccccc3)cc(-c3ccccc3)nc2[nH]1,6.72
Cc1ccc(-c2nc(N)c3ccsc3n2)o1,6.96
Nc1nc(-c2ccco2)c2cn[nH]c2n1,7.32
Nc1nc(-c2ccco2)c2cn[nH]c2n1,7.32
COc1ccc(-c2cc(C(=O)NCc3ccccn3)nc(N)n2)cc1,6.82
CC(C)n1c(Br)nc2c(N)ncnc21,7.13
Cc1ccc2c(O)c(C(=O)NC(C)c3ccccc3)cnc2n1,6.94
Cc1ccc2c(O)c(C(=O)NC(C)c3ccccc3)cnc2n1,6.92
Nc1nc2ccccc2c2cn(-c3cccc(F)c3)nc12,7.3
Fc1ccc(CNc2nc(-c3cccs3)cc(C(F)(F)F)n2)cc1,6.54
N#Cc1c(-c2ccc(Cl)c(Cl)c2)cc(-c2cccnc2)nc1N,6.68
CN(C)c1ccc2c(O)c(C(=O)NCc3ccccc3)cnc2n1,7.24
N#Cc1c(-c2ccccc2)cc(-c2cccs2)nc1N,7.06
Nc1nc(O)nc2nc(-c3ccco3)nn12,6.7
O=C(Nc1nc2ccccc2c(=O)s1)c1ccc(C(=O)N2CCN(Cc3ccc(Cl)cc3)CC2)cc1,7.35
CCC(=O)Nc1cc(-c2ccccc2F)nc(-c2ccccc2F)n1,6.99
Cc1cccc(-n2cc3c(n2)c(N)nc2ccccc23)c1,6.64
CC(C)c1nc2[nH]c(-c3ccccc3)nc(-c3ccccc3)c-2n1,6.83
CCOc1cc(-c2cc(-c3ccc(O)cc3)nc(N)c2C#N)ccc1O,6.57
N#Cc1cccc(-c2cc(C(=O)NCc3ccccn3)nc(N)n2)c1,6.89
N#Cc1c(-c2cccs2)cc(-c2ccccc2)nc1N,7.27
O=C(Nc1cnc(-c2ccncc2F)c(-c2ccccc2F)n1)C1CC1,7.0
Nc1nc(-c2ccccc2)nc2sc(-c3ccccc3)cc12,6.68
CCCc1nc2[nH]c(-c3ccccc3)nc(-c3ccccc3)c-2n1,6.78
Nc1nc(Cc2ccccc2)nc2cn(-c3ccccc3)nc12,6.96
Nc1nc(Cc2ccccc2)nc2cn(-c3ccccc3)nc12,6.96
Nc1nc(Cc2ccccc2)nc2cn(-c3ccccc3)nc12,6.96
Nc1nc(Cc2ccccc2)nc2cn(-c3ccccc3)nc12,6.96
Cc1ccccc1-c1cc(C(=O)NCc2ccccn2)nc(N)n1,7.31
Nc1nc(C(=O)NCCc2ccccc2)c2cccc(F)c2n1,6.8
Cc1cc2c(nc(-n3nccn3)n2C)c(N)n1,6.92
CCN(C(=O)c1ccc(C(=O)c2cnc3ccccn23)cc1)c1ccccc1,6.73
N#Cc1sc(NC(=O)c2ccco2)nc1-c1ccccc1,6.54
O=C(c1ccc(C(=O)N(C2CCCCC2)C2CCCCC2)cc1)c1cnc2ccccn12,6.86
CNc1nc(N)n2nc(-c3ccco3)nc2n1,7.31
O=C(Nc1ccc(-c2ccncc2)c(-c2ccccc2F)n1)C1CC1,7.21
Nc1nc(-c2ccccc2)nn1C(=O)c1ccco1,6.89
CCCC(=O)Nc1cc(-c2ccccc2F)nc(-c2ccccc2F)n1,6.85
O=C(Nc1nc2ccccc2c(=O)s1)c1ccc(C(=O)N2CCN(Cc3cccc(Cl)c3)CC2)cc1,7.23
COc1cccc(CNc2nc(N)c3nc(C)sc3n2)c1,6.67
Cn1c(-n2nccn2)nc2c(N)ncnc21,7.33
CCCn1c(Br)nc2c(N)ncnc21,6.52
CCCn1c(Br)nc2c(N)ncnc21,6.52
CCCn1c(Br)nc2c(N)ncnc21,6.52
O[C@H]1CC[C@H](Nc2ncc(-c3ccnc(C4CC4)c3)c(-c3ccccc3)n2)CC1,7.19
O=C(c1ccccc1)c1nc(C(F)(F)F)nc2ccsc12,7.04
Nc1nc(C(=O)NCC2CCCCC2)c2cccc(F)c2n1,7.35
CCC(=O)Nc1cc(-c2cccs2)nc(-c2cccs2)n1,6.94
Cc1ccc(-c2cc(C(=O)NCc3ccccn3)ncn2)o1,7.01
CC(=O)Nc1ccc(-c2ccncc2)c(-c2ccco2)n1,6.68
Nc1nc(CCCc2ccccc2)nc2cn(-c3ccccc3)nc12,7.26
Nc1nc(CCCc2ccccc2)nc2cn(-c3ccccc3)nc12,7.26
COc1ccc(-c2cn3cc(-c4ccco4)ccc3n2)cc1OC,6.62
COc1ccccc1CNc1nc(N)c2nc(C)sc2n1,6.87
COC[C@H]1CCCN1c1cc(N)nc(-n2nc(C)cc2C)n1,6.58
CCCC(=O)Nc1cc(-c2cccs2)nc(-c2cccs2)n1,6.82
CCc1nc(-c2cccs2)c2sccc2n1,7.16
Nc1cc(-c2ccccc2)c2oc(-c3ccco3)nc2c1,6.7
COc1ccc(-c2cc(C(=O)NCc3ncccc3C)nc(N)n2)cc1,6.81
Nc1nc(-c2nccs2)c2sccc2n1,7.46
Nc1nc(-c2ccco2)c2nc[nH]c2n1,6.58
Nc1nc(-c2ccco2)c2nc[nH]c2n1,6.58
Nc1nc(-c2ccncc2)nc2sc(Cc3ccccc3)cc12,7.17
Nc1nc(-c2ccccc2)nc2nn(Cc3ccccc3)cc12,6.92
Cc1cccnc1CNC(=O)c1cc(N)nc(-c2ccco2)c1,6.9
Nc1ncnc2c1nc(Br)n2CCCO,7.07
Nc1ncnc2c1nc(Br)n2CCCO,7.07
Cc1csc(-c2coc3cccc(C)c3c2=O)n1,6.5
CCc1nc2c(-c3ccccc3)cc(-c3ccccc3)nc2[nH]1,6.75
CCC(=O)Nc1cnc(-c2ccncc2)c(-c2ccco2)n1,7.26
N#Cc1c(-c2ccc(Cl)cc2)cc(-c2ccco2)nc1N,6.85
CCCC(=O)Nc1cc(-c2ccc3c(c2)OCO3)nc(-c2ccccc2)n1,6.65
N#Cc1c(-c2ccc(O)cc2)cc(-c2ccco2)nc1N,7.39
CC(C)Nc1nc(N)n2nc(-c3ccco3)nc2n1,7.19
N#Cc1c(N)nc2c(c1-c1ccc(F)cc1)CCC2,6.63
CCc1ccccc1-c1cc(C(=O)NCc2ccccn2)nc(N)n1,7.04
N#Cc1c(N)nc(-c2ccccc2)nc1-c1ccc2c(c1)OCO2,7.35
Cc1cccc(-c2cc(-c3ccco3)nc(N)c2C#N)c1,6.85
O=C(c1ccsc1)c1nc(C(F)(F)F)nc2ccsc12,7.25
CN1CCN(CC(=O)Nc2cc(-n3cccn3)nc(-n3cccn3)n2)CC1,6.88
N#Cc1ccccc1-c1cc(C(=O)NCc2ccccn2)nc(N)n1,6.59
O=C(c1ccc[nH]1)c1nc(C(F)(F)F)nc2ccsc12,6.93
CC(C)C(=O)Nc1cnc(-c2ccncc2)c(-c2ccco2)n1,6.71
O[C@H](c1cc(C(F)(F)F)nc2c(C(F)(F)F)cccc12)[C@H]1CCCCN1,6.91
O[C@H](c1cc(C(F)(F)F)nc2c(C(F)(F)F)cccc12)[C@@H]1CCCCN1,7.21
O[C@H](c1cc(C(F)(F)F)nc2c(C(F)(F)F)cccc12)[C@@H]1CCCCN1,7.21
CCCc1nc2c(-c3ccccc3)cc(-c3ccccc3)nc2[nH]1,6.94
CC(C)c1nc2c(-c3ccccc3)cc(-c3ccccc3)nc2[nH]1,6.64
CN(C)c1nc(-c2cnccn2)c2sccc2n1,7.09
Nc1nc(Cc2ccccc2F)nc2cn(-c3ccccc3)nc12,6.81
CCOCc1sc(NC(=O)c2ccco2)nc1-c1ccccc1,6.72
CN(C)c1nc(-c2cccs2)c2sccc2n1,7.26
COc1nc(C(=O)c2cccs2)c2sccc2n1,7.1
Nc1nc(Cc2ccccc2O)nc2cn(-c3ccccc3)nc12,7.05
Cc1csc(-c2cc(C(=O)NCc3ccccn3)nc(N)n2)n1,7.33
CC(C)Cc1nc2c(-c3ccccc3)cc(-c3ccccc3)nc2[nH]1,6.72
COc1ccc(-c2cc(-c3ccco3)nc(N)c2C#N)cc1,7.39
COC[C@@H]1CCCN1c1cc(NC(C)=O)nc(-c2ccc(C)o2)n1,6.92
O=C(Nc1cc(-c2ccc3c(c2)OCO3)nc(-c2ccccc2)n1)C1CC1,7.16
Nc1nc(CCCc2cccc(O)c2)nc2cn(-c3ccccc3)nc12,6.84
c1ccc(-c2nc(-c3ccccc3)c3nc(C4CCCC4)nc-3[nH]2)cc1,7.26
O=C(Nc1nc(-c2ccccc2)c(-c2ncon2)s1)C1CC1,6.92
Nc1cc(NC(=O)CN2CCCCC2)cc2nc(-c3ccco3)oc12,6.6
CCN(C(=O)c1ccc(C(=O)c2cnc3ccc(Br)cn23)cc1)C1CCCCC1,6.97
Nc1nc(CCCc2ccccc2O)nc2cn(-c3ccccc3)nc12,6.99
S/C(Cc1ccccc1)=N\N=C\c1cccnc1,8.3
COc1ccc(O)c(/C=N/N=C(\S)Cc2ccccc2)c1,7.7
CCSc1nc(N)nc(-c2ccccc2)n1,8.3
O=[N+]([O-])c1ccc(O)c(/C=N/N=C(\S)Cc2ccccc2)c1,8.0
CC(C)c1nc(N)nc(-c2ccccc2O)n1,7.91
CNc1nc(-n2cccn2)nc(N)c1Br,7.8
CC(C)(C)CC(=O)Nc1ccc(C(=O)Nc2ncc(Cl)s2)cc1,7.55
Nc1ncc(-c2ccc(O)cc2)c(-c2ccccc2)n1,8.89
N#Cc1c(-c2ccccc2)nc(N)nc1-c1ccccc1,7.64
Cc1cc(C(=O)Nc2nccs2)ccc1NC(=O)CC(C)(C)C,7.72
Nc1nn(-c2ccccc2)nc1C(=O)OCc1ccccc1,7.51
Nc1ncc(-c2ccc(O)c(O)c2)c(-c2ccccc2)n1,8.33
COc1cccc(-c2nc(Cc3ccc(C)c(C)c3)n[nH]2)c1,7.7
COc1cccc(-c2nc(Cc3ccc(C)c(C)c3)n[nH]2)c1,7.7
Nc1nc(-n2cccn2)nc(NC2CC2)c1Br,7.75
Nc1nc(-n2cccn2)nc(NCC2CC2)c1Br,8.0
COc1cccc(-c2n[nH]c(Cc3cccc(Br)c3)n2)c1,8.0
CC(C)(C)CC(=O)Nc1ccc(C(=O)Nc2nccs2)cc1F,8.04
Nc1nn(-c2ccccc2)nc1C(=O)NCc1ccccc1,7.64
CC(C)(C)CC(=O)Nc1ccc(C(=O)Nc2nccs2)cc1Cl,7.66
CCSc1nc(-n2cccn2)nc(N)c1Br,8.1
Nc1ncc(-c2ccc(O)c(Cl)c2)c(-c2ccccc2)n1,8.89
Nc1nc(-n2cccn2)nc(NC2CCC2)c1Br,7.68
COc1cccc(-c2n[nH]c(Cc3ccccc3Br)n2)c1,7.7
CC(C)(C)CC(=O)Nc1c(F)cc(C(=O)Nc2nccs2)cc1F,8.23
CSc1nc(N)nc(-c2cccc(-c3ccc4[nH]ccc4c3)c2)n1,7.51
Nc1nc(-n2cccn2)nc(NC2CCCC2)c1Br,8.22
CC(C)Sc1nc(-n2cccn2)nc(N)c1Br,8.15
Nc1nnc(-c2cc(Cl)cc(Cl)c2)c(-c2ccccc2)n1,8.4
Cc1ccsc1/C=C/c1nc(N)nc(-c2ccccc2O)n1,8.46
COc1ccc(-c2cccc(-c3nc(N)nc(SC)n3)c2)cn1,7.64
Cc1cc(C)cc(-c2nnc(N)nc2-c2ccccc2)c1,7.67
COC1CCN(c2cccc(-c3nc(N)nc(-c4ccccc4O)n3)c2)CC1,8.8
COc1cc(C(=O)Nc2nccs2)ccc1NC(=O)CC(C)(C)C,7.77
COc1cccc(COC(=O)c2nn(-c3ccccc3)nc2N)c1,7.72
Nc1nc(-n2cccn2)nc(OCC(F)(F)F)c1Br,7.85
COc1cccc(-c2n[nH]c(Cc3cccc(F)c3F)n2)c1,7.7
Nc1nc(-n2cccn2)nc(N2CCCC2)c1Br,7.96
Nc1nnc(-c2ccc(O)c(Cl)c2)c(-c2ccccc2)n1,8.85
Nc1nnc(-c2ccc(O)c(Cl)c2)c(-c2ccccc2)n1,8.4
Nc1nc(-n2cccn2)nc(N2CCCCC2)c1Br,7.85
Cc1cccc(CNC(=O)c2nc(N)nc(-c3ccco3)n2)c1,8.12
CCn1c(/N=C/c2ccc(F)cc2)c(C#N)sc1=S,7.96
CCn1c(/N=C/c2ccc(Cl)cc2)c(C#N)sc1=S,8.84
CN1CCN(C(=O)c2cccc(-c3nc(N)nc(-c4ccccc4O)n3)c2)CC1,8.99
CN1CCN(C(=O)c2cccc(-c3nc(N)nc(-c4ccccc4O)n3)c2)CC1,7.9
Cc1cc(-c2nnc(N)nc2-c2ccccc2)cc(C)n1,8.9
Cc1cc(-c2nnc(N)nc2-c2ccccc2)cc(C)n1,8.11
Cc1cc(C(=O)Nc2nccs2)cc(Cl)c1NC(=O)CC(C)(C)C,7.5
Cc1cc(-c2nnc(N)nc2-c2ccccc2)cc(C)c1O,8.39
Cc1ccccc1CNC(=O)c1nc(N)nc(-c2ccco2)n1,7.91
N#Cc1c(N)nc(-c2ccccc2)nc1-c1ccccc1,7.72
Nc1nc(-c2ccccc2O)nc(N2Cc3ccc(F)cc3C2)n1,7.9
Cc1ccc2c(O)c(C(=O)NCc3ccccc3)cnc2n1,7.52
Cc1cc(-c2nnc(N)nc2-c2ccc(F)cc2)cc(C)n1,8.0
Cc1cc(-c2nnc(N)nc2-c2ccc(F)cc2)cc(C)n1,7.81
Nc1nc(C(=O)NCc2ccccn2)nc(-c2ccco2)n1,7.6
N#Cc1c(-c2ccccc2)nc(N)nc1-c1ccc2c(c1)OCO2,8.28
Nc1nc(C(=O)NCc2ccccc2Cl)nc(-c2ccco2)n1,8.31
CCCn1c(/N=C/c2ccc(Br)cc2)c(C#N)sc1=S,8.74
Nc1nc(C(=O)NCc2ccccn2)cc(-c2ccccc2)n1,7.85
CCCCn1c(/N=C/c2ccc(Br)cc2)c(C#N)sc1=S,8.12
CCCCn1c(/N=C/c2ccc(Cl)cc2)c(C#N)sc1=S,8.02
Cc1cc(-c2nnc(N)nc2-c2cccc(F)c2)cc(C)n1,8.5
Cc1cc(-c2nnc(N)nc2-c2cccc(F)c2)cc(C)n1,7.98
Oc1ccc(-c2cnc(N[C@H]3CC[C@H](O)CC3)nc2-c2ccccc2)cc1Cl,8.14
Cc1cc(-c2nnc(N)nc2-c2cc(F)cc(F)c2)cc(C)n1,7.56
Cc1cc(-c2nnc(N)nc2-c2cc(F)cc(F)c2)cc(C)n1,8.0
COc1ccccc1CNC(=O)c1nc(N)nc(-c2ccco2)n1,8.19
COC[C@H]1CCCN1c1cc(NC(C)=O)nc(-c2nccs2)n1,7.7
COC[C@@H]1CCCN1c1cc(NC(C)=O)nc(-c2nccs2)n1,7.82
Nc1nc(C(=O)NCc2cccc3cccnc23)c2ccccc2n1,8.96
N#Cc1sc(=S)n(CCc2ccccc2)c1/N=C/c1ccc(F)cc1,8.58
Nc1nc(-n2cccn2)nc(-n2cccn2)c1Br,7.6
Nc1nc(-n2cccn2)nc(-n2cccn2)c1Br,7.92
Cc1cc(-c2nnc(N)nc2-c2ccccc2)cc(C(F)(F)F)n1,8.46
Cc1cc(-c2nnc(N)nc2-c2ccccc2)cc(C(F)(F)F)n1,8.5
Cc1cc(-c2nnc(N)nc2-c2ccccc2)cc(C(F)(F)F)n1,8.46
COC[C@@H]1CCCN1c1cc(NC(C)=O)nc(-c2cccs2)n1,7.57
CC1CN(c2nnc(N)nc2-c2ccccc2)CC(C)O1,7.8
Nc1cc(-n2cccn2)nc(-c2ccco2)n1,8.54
Cc1cccc(-c2cc(C(=O)NCc3ccccn3)nc(N)n2)c1,7.75
CC(C)n1cc(-c2ncc(N)nc2-c2ccc(F)cc2)ccc1=O,8.74
CC(C)n1cc(-c2ncc(N)nc2-c2ccc(F)cc2)ccc1=O,8.74
Nc1nc(-c2nccs2)nc(-c2nccs2)c1Br,7.92
Cc1cccnc1CNC(=O)c1nc(N)nc(-c2ccco2)n1,7.73
COCc1cccc(CNC(=O)c2nc(N)nc(-c3ccco3)n2)n1,8.06
Nc1nc(C(=O)NCc2ccccn2)cc(-c2cccc(F)c2)n1,7.75
Nc1nc(-n2cccn2)nc(-n2cccn2)c1Cl,7.77
Nc1nc(-c2ncccn2)nc2sc(Cc3ccccc3)cc12,7.77
Cc1cccnc1CNC(=O)c1cc(-c2ccccc2)nc(N)n1,8.22
Nc1nc(C(=O)NCc2ccccc2)c2cccc(F)c2n1,8.27
Nc1nc(C(=O)NCc2ccccn2)cc(-c2cccc(Cl)c2)n1,7.51
CCc1nc(-c2ccccn2)c2sccc2n1,7.89
CC(=O)Nc1cc(N2CCCC2C)nc(-n2nc(C)cc2C)n1,7.55
CC(=O)Nc1cc(-c2cccs2)nc(-c2cccs2)n1,7.61
CC(=O)Nc1cc(N2CCCC2=O)nc(-n2nc(C)cc2C)n1,7.92
Cc1cc(-c2nnc(N)nc2-c2ccc(F)cc2)cc(C(F)(F)F)n1,8.34
Cc1cc(-c2nnc(N)nc2-c2ccc(F)cc2)cc(C(F)(F)F)n1,7.6
O=C(c1ccc(C(=O)N2CCCCCC2)cc1)c1cnc2ccc(F)cn12,7.92
O=C(c1ccc(C(=O)N2CCCCCC2)cc1)c1cnc2ccc(F)cn12,7.92
O=C(c1ccc(C(=O)N2CCCCCC2)cc1)c1cnc2ccc(F)cn12,7.92
N#Cc1ccc(NC(=O)C2CC2)nc1-c1ccco1,7.92
Cc1ccc(-c2cc(C(=O)NCc3ncccc3C)nc(N)n2)cc1,7.8
CCCC1CCN(c2cc(NC(C)=O)nc(-n3nc(C)cc3C)n2)C1,7.58
COC[C@H]1CCCN1c1nc(-n2cccn2)nc(N)c1Br,7.85
N#Cc1c(-c2ccccc2)cc(-c2ccco2)nc1N,7.96
COc1c(C(=O)Nc2nccs2)ccc(NC(=O)CC(C)(C)C)c1F,7.92
CCCC(=O)Nc1nc(-c2ccccc2)c(C#N)c(-c2ccc3c(c2)OCO3)n1,7.67
Cc1cccc(CNC(=O)c2nc(N)nc3c(F)cccc23)c1,8.08
N#Cc1c(-c2ccco2)cc(-c2ccccc2)nc1N,7.72
Clc1nc(-c2nccs2)c2sccc2n1,7.7
Cc1ccccc1CNC(=O)c1nc(N)nc2c(F)cccc12,7.87
Nc1nc(-c2ccccc2)nc2sc(-c3ccccc3)nc12,7.72
Nc1nc(C(=O)NCc2ccccn2)cc(-c2ccccc2Cl)n1,7.51
Cc1nc(C(=O)c2cccs2)c2sccc2n1,7.54
Cc1cccc(-c2cc(C(=O)NCc3ncccc3C)nc(N)n2)c1,8.05
Nc1nc(C(=O)NCc2ccccn2)cc(-c2ccccc2F)n1,7.77
Nc1nc(C(=O)NCc2cccc3ccccc23)c2cccc(F)c2n1,8.0
COc1cccc(-c2cc(C(=O)NCc3ccccn3)nc(N)n2)c1,7.55
Cc1cccnc1CNC(=O)c1cc(-c2cccc(F)c2)nc(N)n1,8.05
Nc1nc(C(=O)NCCc2ccccn2)c2cccc(F)c2n1,7.85
N#Cc1c(N)nc(-n2cccn2)nc1-n1cccn1,8.15
CN(C)c1nc(-c2ccccn2)c2sccc2n1,7.58
Nc1nc(C(=O)NCc2ccccc2)cc(-c2ccco2)n1,8.12
Nc1nc(C(=O)NCc2ccc3ccccc3n2)c2cccc(F)c2n1,7.82
Nc1nc(C(=O)NCc2cccc3cccnc23)c2cc(F)ccc2n1,8.36
Nc1nc(C(=O)NCc2nccc3ccccc23)c2cccc(F)c2n1,8.17
Cc1ccc(CNC(=O)c2cc(-c3ccco3)nc(N)n2)cc1,8.02
Nc1nc(-c2ccccc2)nc2sc(Cc3ccccc3)cc12,7.53
CC(=O)Nc1cc(-c2ccco2)nc(-c2ccco2)n1,8.09
CCc1nc(-c2cccc(C)n2)c2sccc2n1,7.92
O=C(Nc1nc(-c2ccccc2)c(-c2ccncc2)s1)c1ccco1,8.18
Cc1cccnc1CNC(=O)c1cc(-c2cccc(Cl)c2)nc(N)n1,7.64
Nc1nc(C(=O)NCc2cccc(CO)n2)c2cccc(F)c2n1,8.02
CC(=O)Nc1cc(N2CCC[C@H]2CO)nc(-n2nc(C)cc2C)n1,7.59
Cc1cccc(CNC(=O)c2cc(-c3ccco3)nc(N)n2)c1,8.59
Cc1cccnc1CNC(=O)c1cc(-c2cccc(C#N)c2)nc(N)n1,7.54
Nc1nc(C(=O)c2cccs2)c2sccc2n1,7.64
N#Cc1cccc2c(C(=O)NCc3cccc4cccnc34)nc(N)nc12,7.62
Nc1nc(C(=O)NCc2ccco2)cc(-c2ccco2)n1,7.85
Nc1nc(C(=O)NCc2cccc3cccnc23)c2cccc(I)c2n1,8.51
Cc1ccccc1-c1cc(C(=O)NCc2ncccc2C)nc(N)n1,7.55
COc1ccc(CNC(=O)c2nc(N)nc3c(OC)cccc23)nc1,8.11
Nc1nc(C(=O)NCc2ccc(Cl)cc2)cc(-c2ccco2)n1,7.76
Nc1nc(C(=O)NCc2ccc(F)cc2)cc(-c2ccco2)n1,7.7
Nc1nc(C(=O)NCc2ccccn2)cc(-c2ccco2)n1,8.37
Nc1nc(C(=O)NCc2ccccn2)cc(-c2ccco2)n1,8.37
CCc1nc(C(=O)c2cccs2)c2sccc2n1,7.8
COc1cccc2c(C(=O)NCc3cccc(CO)n3)nc(N)nc12,8.34
N#Cc1c(-c2ccccc2)nc(NC(=O)C2CCCC2)nc1-c1ccc2c(c1)OCO2,7.57
COC[C@H]1CCCN1c1cc(NC(C)=O)nc(-c2ccc(C)o2)n1,8.57
N#Cc1c(N)nc(SCc2ncc[nH]2)c(C#N)c1-c1ccccc1,7.55
N#Cc1c(N)nc(SCc2ncc[nH]2)c(C#N)c1-c1ccccc1,7.97
Nc1nc(-c2ccco2)c2sccc2n1,7.85
Nc1nc(-c2ccco2)c2sccc2n1,7.85
CCC(=O)Nc1cc(-c2ccco2)nc(-c2ccco2)n1,8.19
COc1cccc2c(C(=O)NCc3cccc(F)n3)nc(N)nc12,8.82
Nc1nc(-c2cccc(O)c2)nc2sc(-c3ccccc3)nc12,8.3
Nc1nc(C(=O)NCc2cccc3cccnc23)c2cccc(Cl)c2n1,8.52
Cc1ccccc1CNC(=O)c1cc(-c2ccco2)nc(N)n1,8.66
COC[C@H]1CCCN1c1cc(NCC(F)(F)F)nc(-n2nc(C)cc2C)n1,7.62
Nc1nc(C(=O)NCc2cccc(Cl)c2)cc(-c2ccco2)n1,8.43
N#Cc1c(-c2cccs2)cc(-c2cccs2)nc1N,7.5
COc1cccc(-c2cc(C(=O)NCc3ncccc3C)nc(N)n2)c1,7.62
CCc1nc(-c2nccs2)c2sccc2n1,8.8
CCCC(=O)Nc1cc(-c2ccco2)nc(-c2ccco2)n1,8.24
Cc1cccnc1CNC(=O)c1cc(-c2ccccc2Cl)nc(N)n1,7.62
Nc1nc(C(=O)NCc2cccc(F)c2)cc(-c2ccco2)n1,8.32
Nc1nc(C(=O)NCc2cccc3cc[nH]c23)c2cccc(F)c2n1,8.09
Nc1nc(C(=O)NCc2cccc3cccnc23)c2cc(F)c(F)cc2n1,8.44
Nc1nc(C(=O)NCc2cccnc2)cc(-c2ccco2)n1,8.03
Cc1cccnc1CNC(=O)c1cc(-c2ccccc2F)nc(N)n1,7.85
Nc1nc(C(=O)NCc2ccccc2Cl)cc(-c2ccco2)n1,8.59
O=C(c1cccs1)c1nc(C(F)(F)F)nc2ccsc12,7.96
NCCOCCOCCNc1nc(N)n2nc(-c3ccco3)nc2n1.O=C(O)C(F)(F)F,7.94
CN1CCN(CCNc2nc(N)n3nc(-c4ccco4)nc3n2)CC1,7.74
CN1CCN(CCNc2nc(N)n3nc(-c4ccco4)nc3n2)CC1,7.51
O=C(Nc1ccc(-c2ccncc2)c(-c2ccco2)n1)C1CC1,7.52
Nc1nc(Oc2ccccc2)nc2nc(-c3ccco3)nn12,7.75
Nc1nc(C(=O)NCc2cccc3cccnc23)c2cc(Cl)cc(Cl)c2n1,8.18
Nc1nc(C(=O)NCc2ccccc2F)cc(-c2ccco2)n1,8.46
COC[C@H]1CCCN1c1cc(NC(C)=O)nc(-n2nc(C)cc2C)n1,7.82
COCC1CCCN1c1cc(NC(C)=O)nc(-n2nc(C)cc2C)n1,8.05
COC[C@H]1CCCN1c1cc(NC(C)=O)nc(-n2nc(C)cc2C)n1,8.33
COc1cccnc1CNC(=O)c1nc(N)nc2c(OC)cccc12,8.52
Nc1nc(C(=O)NCc2cccc3[nH]cnc23)c2cccc(F)c2n1,7.6
N#Cc1c(N)nc(SCc2ncc[nH]2)c(C#N)c1-c1ccc(O)cc1,7.55
CN1CCN(CC(=O)Nc2cc(-c3ccccn3)nc(-c3cccs3)n2)CC1,7.62
CC(C)c1nc(-c2nccs2)c2sccc2n1,8.85
CC(C)c1nc(-c2nccs2)c2sccc2n1,8.85
CC(C)c1nc(-c2nccs2)c2sccc2n1,8.85
CCC(=O)Nc1cc(N2CCC[C@@H]2COC)nc(-n2nc(C)cc2C)n1,8.23
Nc1nc(NC2CCCCC2)nc2nc(-c3ccco3)nn12,8.45
O=C(c1ccoc1)c1nc(C(F)(F)F)nc2ccsc12,7.52
Nc1nc(-c2cnccn2)nc2sc(Cc3ccccc3)cc12,8.62
CN(C)c1nc(-c2nccn2C)c2sccc2n1,7.85
Cc1ccc(-c2nc(N(C)C)nc3ccsc23)nc1,7.72
Nc1nc(C(=O)NCc2cccc3cccnc23)c2cccc(C(F)(F)F)c2n1,8.64
CC(C)(C)c1nc(-c2nccs2)c2sccc2n1,8.51
Nc1nnc(-c2ccc(O)c(Cl)c2)c(-c2ccccc2)n1,10.39
Nc1nnc(-c2ccc(O)c(Cl)c2)c(-c2ccccc2)n1,9.74
Nc1nnc(-c2ccc(O)c(Cl)c2)c(-c2ccccc2)n1,9.6
CCn1c(/N=C/c2ccc(Br)cc2)c(C#N)sc1=S,11.0
CN1CCN(C(=O)c2cccc(-c3nc(N)nc(-c4ccccc4O)n3)c2)CC1,9.0
Cc1cc(-c2nnc(N)nc2-c2ccccc2)cc(C)c1O,9.8
CCCn1c(/N=C/c2ccc(F)cc2)c(C#N)sc1=S,10.52
CCCCn1c(/N=C/c2ccc(F)cc2)c(C#N)sc1=S,10.57
Cn1c(=O)c2nc[nH]c2n(C)c1=O,9.22
N#Cc1sc(=S)n(CCc2ccccc2)c1/N=C/c1ccc(Br)cc1,10.17
Nc1nc(-c2nccs2)nc(-c2nccs2)c1Br,9.0
N#Cc1sc(=S)n(-c2ccccc2)c1/N=C/c1ccc(Cl)cc1,9.85
Nc1nc(C(=O)NCc2cccc3cccnc23)c2ccc(F)cc2n1,9.52
COc1cccc2c(C(=O)NCc3cccc(C)n3)nc(N)nc12,9.3
Nc1nc(C(=O)NCc2cccc3cccnc23)c2cccc(Br)c2n1,9.15
Nc1nc(C(=O)NCc2cccc3cccnc23)c2cccc(F)c2n1,9.3
Nc1nc(-c2ccccc2)c2c(n1)-c1ccccc1C2=O,10.0
N#Cc1c(-c2ccco2)cc(-c2ccco2)nc1N,9.87
N#Cc1c(-c2ccco2)cc(-c2ccco2)nc1N,9.0
Cc1ccc(-c2cc(C(=O)NCc3ncc[nH]3)nc(N)n2)o1,9.0
COc1cccc(CNC(=O)c2nc(N)nc3c(OC)cccc23)n1,9.1
COc1cccc2c(C(=O)NCc3cccc(C(C)C)n3)nc(N)nc12,9.7
CC(C)OCc1cccc(CNC(=O)c2nc(N)nc3c(F)cccc23)n1,9.0
COc1cccc2c(C(=O)NCc3cccc(C(F)(F)F)n3)nc(N)nc12,9.4
CC(=O)Nc1cc(-n2cccn2)nc(-c2ccco2)n1,9.22
CC(=O)Nc1cc(-n2cccn2)nc(-c2ccco2)n1,9.22
CC(=O)Nc1cc(-n2cccn2)nc(-c2ccco2)n1,9.22
CC(=O)Nc1cc(-n2cccn2)nc(-c2ccco2)n1,9.22
COc1cccc2c(C(=O)NCc3cccc4cccnc34)nc(N)nc12,9.7
Nc1nc(C(=O)NCc2cccc3cccnc23)c2cccc(OC(F)(F)F)c2n1,9.7
COc1cccc2c(C(=O)NCc3cccc(COC4CCCC4)n3)nc(N)nc12,9.3
COc1cccc2c(C(=O)NCc3cccc(C4CCC4)n3)nc(N)nc12,9.7
COc1cccc2c(C(=O)NCc3cccc(COc4ccccc4F)n3)nc(N)nc12,9.7
COc1cccc2c(C(=O)NCc3cccc(C(C)(C)O)n3)nc(N)nc12,9.4
Nc1nc(NCCc2ccc(O)cc2)nc2nc(-c3ccco3)nn12,10.0
Nc1nc(NCCc2ccc(O)cc2)nc2nc(-c3ccco3)nn12,9.49
Nc1nc(NCCc2ccc(O)cc2)nc2nc(-c3ccco3)nn12,9.1
Nc1nc(NCCc2ccc(O)cc2)nc2nc(-c3ccco3)nn12,9.52
Nc1nc(NCCc2ccc(O)cc2)nc2nc(-c3ccco3)nn12,9.1
Nc1nc(NCCc2ccc(O)cc2)nc2nc(-c3ccco3)nn12,9.1
Nc1nc(NCCc2ccc(O)cc2)nc2nc(-c3ccco3)nn12,9.06
Nc1nc(NCCc2ccc(O)cc2)nc2nc(-c3ccco3)nn12,9.54
Nc1nc(NCCc2ccc(O)cc2)nc2nc(-c3ccco3)nn12,9.4
Nc1nc(NCCc2ccc(O)cc2)nc2nc(-c3ccco3)nn12,9.22
Nc1nc(NCCc2ccc(O)cc2)nc2nc(-c3ccco3)nn12,9.3
Nc1nc(NCCc2ccc(O)cc2)nc2nc(-c3ccco3)nn12,9.46
Nc1nc(NCCc2ccc(O)cc2)nc2nc(-c3ccco3)nn12,9.4
Nc1nc(NCCc2ccc(O)cc2)nc2nc(-c3ccco3)nn12,9.69
Nc1nc(NCCc2ccc(O)cc2)nc2nc(-c3ccco3)nn12,9.63
Nc1nc(NCCc2ccc(O)cc2)nc2nc(-c3ccco3)nn12,9.52
Nc1nc(-c2ccccc2)c2c(n1)-c1cc(Cc3cccnc3)ccc1C2=O,9.52
C#CCn1c(Br)nc2c(N)nc(C#CCCCCCC)nc21,9.25
CN1CCN(CC(=O)Nc2cc(-c3nccs3)nc(-c3ccco3)n2)CC1,9.05
CN1CCN(CC(=O)Nc2cc(-c3nccs3)nc(-c3ccco3)n2)CC1,9.05
Nc1nc(-c2ccccc2)c2c(n1)-c1cc(C(=O)c3cccnc3)ccc1C2=O,9.3
COc1cccc(-c2cc(NC(C)=O)nc(-n3nc(C)cc3C)n2)c1,9.0
COc1cccc(-c2cc(NC(C)=O)nc(-n3nc(C)cc3C)n2)c1,9.04
Nc1nc(-c2ccccc2)c2c(n1)-c1cc(Cc3ccncc3F)ccc1C2=O,9.15
COc1ccc(CC(=O)Nc2cc(-c3nccs3)nc(-c3ccccn3)n2)cc1,9.0
Nc1nc(-c2ccccc2)c2c(n1)-c1cc(Cc3cnccc3Cl)ccc1C2=O,10.0
COc1cc(OC)cc(-c2cc(NC(C)=O)nc(-n3nc(C)cc3C)n2)c1,9.72
COc1cc(OC)cc(-c2cc(NC(C)=O)nc(-n3nc(C)cc3C)n2)c1,9.7
Nc1nc(NCc2ccsc2)nc2sc(-c3ccco3)nc12,9.44
Nc1nc(NCc2ccsc2)nc2sc(-c3ccco3)nc12,9.39
Nc1nc(NCc2ccsc2)nc2sc(-c3ccco3)nc12,9.6
Nc1nc(NCc2ccco2)nc2sc(-c3ccco3)nc12,10.4
Nc1nc(NCCc2cccs2)nc2sc(-c3ccco3)nc12,10.35
Nc1nc(NCc2cccs2)nc2sc(-c3ccco3)nc12,10.44
COc1cccc2c(C(=O)NCc3nc(C(C)(C)O)ccc3C)nc(N)nc12,9.22
Nc1nc(-c2ccccc2)c2c(n1)-c1cc(CNN3CCOCC3)ccc1C2=O,9.0
CC(=O)Nc1cc(-c2cccc(N(C)C)n2)nc(-n2nc(C)cc2C)n1,9.21
Nc1nc(NCc2cccnc2)nc2sc(-c3ccco3)nc12,10.23
Nc1nc(NCc2cccnc2)nc2sc(-c3ccco3)nc12,10.96
Nc1nc(NCCc2cccnc2)nc2sc(-c3ccco3)nc12,9.46
Nc1nc(NCCc2cccnc2)nc2sc(-c3ccco3)nc12,9.62
Nc1nc(NCCc2cccnc2)nc2sc(-c3ccco3)nc12,9.54
Nc1nc(NCc2ccccn2)nc2sc(-c3ccco3)nc12,9.17
Nc1nc(NCc2ccccn2)nc2sc(-c3ccco3)nc12,9.38
Nc1nc(NCc2cccc(F)c2)nc2sc(-c3ccco3)nc12,9.09
Nc1nc(NCCN2CCN(c3ccc(F)cc3F)CC2)nc2nc(-c3ccco3)nn12,9.17
Nc1nc(NCCN2CCN(c3ccc(F)cc3F)CC2)nc2nc(-c3ccco3)nn12,9.41
Nc1nc(NCCN2CCN(c3ccc(F)cc3F)CC2)nc2nc(-c3ccco3)nn12,9.57
Nc1nc(NCCN2CCN(c3ccc(F)cc3F)CC2)nc2nc(-c3ccco3)nn12,9.42
Nc1nc(NCCN2CCN(c3ccc(F)cc3F)CC2)nc2nc(-c3ccco3)nn12,9.48
Nc1nc(NCCN2CCN(c3ccc(F)cc3F)CC2)nc2nc(-c3ccco3)nn12,9.28
Nc1nc(NCCCCNC(=O)c2ccc(S(=O)(=O)F)cc2)nc2nc(-c3ccco3)nn12,9.05
C=Cn1ncc2c1nc(N)n1c(=O)n(Cc3ccccc3)nc21,9.52
COc1ccc(N2CCOCC2)c2sc(NC(=O)C3(C)CCC(C)(O)CC3)nc12,9.6
CCN(CC)C1CCC(C)(C(=O)Nc2nc3c(OC)ccc(N4CCOCC4)c3s2)CC1,9.7
Nc1nc(-c2ccccc2)c2c(n1)-c1cc(NCCc3ccncc3)ccc1C2=O,9.05
Nc1nc(NCCCCCNC(=O)c2ccc(S(=O)(=O)F)cc2)nc2nc(-c3ccco3)nn12,9.21
Nc1nc(-c2ccccc2)cc2nn(Cc3ccccc3)c(=O)n12,9.0
COc1ccc(N2CCOCC2)c2sc(NC(=O)C(C)(C)Oc3cccc(F)c3)nc12,9.02
COc1cccc(CNc2nc(N)c3nc(-c4ccco4)sc3n2)c1,10.02
COc1ccccc1CNc1nc(N)c2nc(-c3ccco3)sc2n1,10.29
C=Cn1ncc2c1nc(N)n1c(=O)n(Cc3cccc(Cl)c3)nc21,9.4
Nc1nc(-c2ccccc2)c2c(n1)-c1cc(NCCc3ccccn3)ccc1C2=O,9.05
COCCN(C)c1cccc(-c2cc(NC(C)=O)nc(-n3nc(C)cc3C)n2)n1,9.14
CC(=O)Nc1cc(-c2cccc(N3CCCC3)n2)nc(-n2nc(C)cc2C)n1,9.59
CC(=O)Nc1cc(-c2cccc(N3CCOCC3)n2)nc(-n2nc(C)cc2C)n1,9.08
CC(=O)Nc1cc(-c2cccc(OC3CCCN(C)C3)c2)nc(-n2nc(C)cc2C)n1,9.0
COc1cccc(-c2cc(NC(C)=O)nc(-n3nc(C)cc3C)n2)c1F,9.22
CC(=O)Nc1cc(-c2cccc(N3CCCCC3)n2)nc(-n2nc(C)cc2C)n1,9.25
Cn1c(=O)c2[nH]c(-c3ccc(OCCCCl)cc3)nc2n(C)c1=O,10.35
COc1ccc(N2CCOCC2)c2sc(NC(=O)C(C)(C)Oc3c(F)cccc3F)nc12,9.0
CC(C)c1ccc2c(c1)-c1nc(N)nc(-c3ccc(Br)o3)c1C2,9.1
CC(=O)Nc1cc(-c2cccc(N3CCN(C)CC3)n2)nc(-n2nc(C)cc2C)n1,9.15
Nc1nc(-c2cccs2)c2c(n1)-c1ccccc1C2=O,9.22
CN(C)CCOc1ccc(-c2nc3c([nH]2)c(=O)n(C)c(=O)n3C)cc1,9.4
Nc1nc(-c2ccco2)c2c(n1)-c1ccccc1C2=O,10.0
Nc1nc(-c2ccco2)c2c(n1)-c1ccccc1C2=O,10.0
COC1CN(c2cccc(-c3cc(NC(C)=O)nc(-n4nc(C)cc4C)n3)n2)C1,9.33
CCN(CC)CCOc1ccc(-c2nc3c([nH]2)c(=O)n(C)c(=O)n3C)cc1,9.6
Cn1c(=O)c2[nH]c(-c3ccc(OC4CCCC4)cc3)nc2n(C)c1=O,10.14
Nc1nc(-c2ccco2)c2cnn(Cc3cccc(Cl)c3)c2n1,9.0
Cn1c(=O)c2[nH]c(-c3ccc(OCCC4CCNCC4)cc3)nc2n(C)c1=O,9.54
Cn1c(=O)c2[nH]c(-c3ccc(OCCN4CCOCC4)cc3)nc2n(C)c1=O,9.51
Cn1c(=O)c2[nH]c(-c3ccc(OCCN4CCCC4)cc3)nc2n(C)c1=O,9.7
COC1CCN(c2cccc(-c3cc(NC(C)=O)nc(-n4nc(C)cc4C)n3)n2)CC1,9.36
COC1CCN(c2cccc(-c3cc(NC(C)=O)nc(-n4nc(C)cc4C)n3)n2)CC1,9.4
CC(=O)Nc1cc(-c2cc(F)cc(OC3CCN(C)C3)c2)nc(-n2nc(C)cc2C)n1,9.0
CC(=O)Nc1cc(-c2cc(F)cc(O[C@H]3CCN(C)C3)c2)nc(-n2nc(C)cc2C)n1,9.0
Nc1nc(N2CCN3C[C@@H](COc4cccc(F)c4)CC[C@H]3C2)nc2nc(-c3ccco3)nn12,9.7
Cn1c(=O)c2[nH]c(-c3ccc(OCCCn4ccnc4)cc3)nc2n(C)c1=O,10.38
NCCC(=O)Nc1ccc(-c2cn3c(=O)n(-c4ccccc4)nc3c(N)n2)cc1,9.23
Nc1nc(-c2ccc(Cl)o2)c2c(n1)-c1ccccc1C2=O,9.7
Nc1nc(-c2nccs2)c2c(n1)-c1ccccc1C2=O,9.3
COc1ccc(CC(=O)Nc2cc(-n3nc(C)cc3C)nc(-c3ccccn3)n2)cc1,9.0
Nc1nc(-c2ccco2)c2cnn(C(=O)NCc3ccccc3)c2n1,9.0
COc1c(C)cc(-c2cn3c(=O)n(-c4ccccc4)nc3c(N)n2)cc1C,9.77
COc1cc(CC(=O)Nc2cc(-n3nc(C)cc3C)nc(-c3ccccn3)n2)cc(OC)c1,9.0
Cc1cc(C)n(-c2cc(NC(=O)Cc3ccc(CN(C)C)cc3)nc(-c3ccc(C)o3)n2)n1,9.7
Cc1cc(C)n(-c2cc(NC(=O)Cc3ccc(S(C)(=O)=O)cc3)nc(-c3ccccn3)n2)n1,9.0
Cc1cc(OCC(=O)Nc2cc(-n3nc(C)cc3C)nc(-c3ccc(C)o3)n2)cc(C)n1,9.15
Nc1nc(C(=O)NCCc2ccc(O)cc2)cn2nc(-c3ccco3)nc12,9.0
Cc1cc(C)n(-c2cc(NC(=O)COc3cccc(CN)c3)nc(-c3ccc(C)o3)n2)n1,9.15
Cc1cc(C)n(-c2cc(NC(=O)COc3cccc(CN)c3)nc(-c3ccc(C)o3)n2)n1,9.52
Cc1cc(C)n(-c2cc(NC(=O)COc3ccc(CN(C)C)cc3)nc(-c3ccc(C)o3)n2)n1,9.52
Cc1cc(C)n(-c2cc(NC(=O)Cc3ccc(CN4CCOCC4)cc3)nc(-c3ccc(C)o3)n2)n1,9.1
CCOc1ccc(CC(=O)Nc2cc(-n3nc(C)cc3C)nc(-c3ccccn3)n2)cc1OC,9.0
Cc1cc(Cn2nnc3c(-c4ccco4)nc(N)nc32)ccc1N,9.2
Cc1cc(C)n(-c2cc(NC(=O)COc3cccc(CCN(C)C)c3)nc(-c3ccc(C)o3)n2)n1,9.3
Cc1cc(C)n(-c2cc(NC(=O)COc3cccc(CN(C)C)c3)nc(-c3ccc(C)o3)n2)n1,9.4
Cc1cc(C)n(-c2cc(NC(=O)COc3cccc(CN(C)C)c3)nc(-c3ccc(C)o3)n2)n1,9.4
CCNCc1cccc(OCC(=O)Nc2cc(-n3nc(C)cc3C)nc(-c3ccc(C)o3)n2)c1,9.52
CCNCc1cccc(OCC(=O)Nc2cc(-n3nc(C)cc3C)nc(-c3ccc(C)o3)n2)c1,9.52
Cn1c(=O)c2[nH]c(-c3ccc(OCCCN4CCN(Cc5ccccc5Cl)CC4)cc3)nc2n(C)c1=O,9.92
CCN(C)Cc1cccc(OCC(=O)Nc2cc(-n3nc(C)cc3C)nc(-c3ccc(C)o3)n2)c1,9.52
CCN(C)Cc1cccc(OCC(=O)Nc2cc(-n3nc(C)cc3C)nc(-c3ccc(C)o3)n2)c1,9.52
Nc1nc(-c2ccco2)c2ncn(C(=O)NCc3ccccc3)c2n1,9.0
Cc1ccc(CNC(=O)n2cnc3c(-c4ccco4)nc(N)nc32)cc1,9.0
Cc1cc(C)n(-c2cc(NC(=O)COc3ccccc3CN(C)C)nc(-c3ccc(C)o3)n2)n1,9.0
Nc1nc(-c2ccco2)c2ncn(C(=O)NCc3cccs3)c2n1,9.0
Nc1nc(-c2ccco2)c2nnn(Cc3ccc(N)c(F)c3)c2n1,9.15
Cc1cccc(CNC(=O)n2cnc3c(-c4ccco4)nc(N)nc32)c1,9.0
Nc1nc(-c2ccco2)c2ncn(C(=O)NCc3ccc(F)cc3)c2n1,9.0
Cc1nccnc1-c1nc2cc(N(C)CCN3CCN(c4ccc(F)cc4F)CC3)nc(N)n2n1,9.52
COc1cc(OCC(=O)Nc2cc(-n3nc(C)cc3C)nc(-c3ccc(C)o3)n2)ccc1CN(C)C,9.52
COc1ccc(OCC(=O)Nc2cc(-n3nc(C)cc3C)nc(-c3ccc(C)o3)n2)c(CN(C)C)c1,9.05
Cc1ccc(OCC(=O)Nc2cc(-n3nc(C)cc3C)nc(-c3ccc(C)o3)n2)c(CN(C)C)c1,9.0
Nc1nc(-c2ccco2)c2ncn(C(=O)NCc3ccccc3Cl)c2n1,9.0
CCc1cc(Cn2nnc3c(-c4ccco4)nc(N)nc32)ccc1N,9.0
COc1cc(CN(C)C)ccc1OCC(=O)Nc1cc(-n2nc(C)cc2C)nc(-c2ccc(C)o2)n1,9.7
Cc1cc(C)n(-c2cc(NC(=O)COc3cc(F)cc(CN(C)C)c3)nc(-c3ccc(C)o3)n2)n1,9.3
COCCOc1ccc(N2CCN(CCN(C)c3cc4nc(-c5cccc(C#N)c5)nn4c(N)n3)CC2)cc1,9.15
CCNC(=O)[C@H]1O[C@@H](n2cnc3c(N)ncnc32)[C@H](O)[C@@H]1O,9.0
Nc1nc2ccc(Cl)cc2c2nc(-c3ccco3)nn12,9.4
Nc1nc2ccc(Cl)cc2c2nc(-c3ccco3)nn12,9.37
Nc1nc2ccc(Cl)cc2c2nc(-c3ccco3)nn12,9.17
Nc1nc2ccc(Cl)cc2c2nc(-c3ccco3)nn12,9.04
Nc1nc2ccc(Cl)cc2c2nc(-c3ccco3)nn12,9.46
Nc1nc2ccc(Cl)cc2c2nc(-c3ccco3)nn12,9.39
Nc1nc2ccc(Cl)cc2c2nc(-c3ccco3)nn12,9.28
Nc1nc2ccc(Cl)cc2c2nc(-c3ccco3)nn12,9.07
Nc1nc2ccc(Cl)cc2c2nc(-c3ccco3)nn12,9.0
Nc1nc2ccc(Cl)cc2c2nc(-c3ccco3)nn12,9.08
Nc1nc2ccc(Cl)cc2c2nc(-c3ccco3)nn12,9.85
Nc1nc2ccc(Cl)cc2c2nc(-c3ccco3)nn12,9.34
Cc1cc(C)n(-c2cc(NC(=O)COc3cc(F)cc(CN4CCCC4)c3)nc(-c3ccc(C)o3)n2)n1,9.3
S=c1sc2c(ncn3nc(-c4ccco4)nc23)n1-c1ccc(Cl)cc1,9.82
C=CCn1c(=S)sc2c1ncn1nc(-c3ccco3)nc21,10.8
CN(CCN1CCN(c2ccc(F)cc2F)CC1)c1cc2nc(-c3cnco3)nn2c(N)n1,9.52
CCCn1c(=O)c2c(nc(/C=C/c3ccc(OC)c(OC)c3)n2[11CH3])n(CCC)c1=O,9.0
CCCn1c(=O)c2c(nc(/C=C/c3ccc(OC)c(OC)c3)n2C)n(CCC)c1=O,9.0
Nc1nc(N[C@@H]2CCC[C@H]2O)nc2c1ncn2[C@@H]1O[C@H](CO)[C@@H](O)[C@H]1O,9.1
CCCn1c(=S)sc2c1ncn1nc(-c3ccco3)nc21,9.42
S=c1sc2c(ncn3nc(-c4ccco4)nc23)n1-c1ccc(I)cc1,9.24
CCCn1c(=O)c2[nH]c(-c3ccc(OCC(=O)NCCN)cc3)nc2n(CCC)c1=O,9.0
CCCCn1c(=S)sc2c1ncn1nc(-c3ccco3)nc21,9.92
S=c1sc2c(ncn3nc(-c4ccco4)nc23)n1-c1cccc(Cl)c1,10.42
Nc1nc2c(c3nn(Cc4ccccc4)c(=O)n13)CCc1ccccc1-2,9.3
COCCN(CCc1ccc(F)cc1)c1cc2nc(-c3ccco3)nn2c(N)n1,9.0
CN(CCN1CCN(c2ccc(F)cc2F)CC1)c1cc2nc(-c3ccco3)nn2c(N)n1,9.0
CCN(CCN1CCN(c2ccc(F)cc2F)CC1)c1cc2nc(-c3ccco3)nn2c(N)n1,9.05
S=c1sc2c(ncn3nc(-c4ccco4)nc23)n1-c1ccccc1I,9.15
CC1=C(C(=O)OC(C)C)C(c2ncco2)n2c(nc3ccccc32)N1,9.0
COCCN(CCN1CCN(c2ccc(F)cc2F)CC1)c1cc2nc(-c3ccco3)nn2c(N)n1,9.3
CC(C)(C)OC(=O)N1CCN(c2cccc(-c3cc4nc(-c5ccco5)nn4c(N)n3)c2)CC1,9.3
Nc1nc(N(CCN2CCN(c3ccc(F)cc3F)CC2)CC2CC2)cc2nc(-c3ccco3)nn12,9.52
COCCOc1ccc(N2CCN(CCN(CCOC)c3cc4nc(-c5ccco5)nn4c(N)n3)CC2)cc1,9.15
CC(C)CCn1cc2c(nc(N)n3nc(-c4ccco4)nc23)n1,9.11
CC(C)CCn1cc2c(nc(N)n3nc(-c4ccco4)nc23)n1,9.11
CC(C)CCn1cc2c(nc(N)n3nc(-c4ccco4)nc23)n1,9.11
CC(C)=CCn1cc2c(nc(N)n3nc(-c4ccco4)nc23)n1,9.1
CC(C)=CCn1cc2c(nc(N)n3nc(-c4ccco4)nc23)n1,9.1
CC(C)=CCn1cc2c(nc(N)n3nc(-c4ccco4)nc23)n1,9.1
COCCOc1ccc(N2CCN(CCN(CC3CC3)c3cc4nc(-c5ccco5)nn4c(N)n3)CC2)cc1,9.1
Nc1nc2nn(CCc3ccccc3)cc2c2nc(-c3ccco3)nn12,9.51
Nc1nc2nn(CCc3ccccc3)cc2c2nc(-c3ccco3)nn12,9.47
Nc1nc2nn(CCc3ccccc3)cc2c2nc(-c3ccco3)nn12,9.51
Nc1nc2nn(CCc3ccccc3)cc2c2nc(-c3ccco3)nn12,9.47
Nc1nc2nn(CCc3ccccc3)cc2c2nc(-c3ccco3)nn12,9.47
Nc1nc2nn(CCCc3ccccc3)cc2c2nc(-c3ccco3)nn12,9.74
Nc1nc2nn(CCCc3ccccc3)cc2c2nc(-c3ccco3)nn12,9.8
Nc1nc2nn(CCCc3ccccc3)cc2c2nc(-c3ccco3)nn12,9.8
Nc1nc2nn(CCCc3ccccc3)cc2c2nc(-c3ccco3)nn12,9.8
Nc1nc2c(cnn2CCc2ccccc2)c2nc(-c3ccco3)nn12,9.22
Nc1nc2c(cnn2CCc2ccccc2)c2nc(-c3ccco3)nn12,9.22
Nc1nc2c(cnn2CCc2ccccc2)c2nc(-c3ccco3)nn12,9.22
N/C(=N\O)c1ccc(CCn2ncc3c2nc(N)n2nc(-c4ccco4)nc32)cc1,9.74
NCc1ccc(CCCn2ncc3c2nc(N)n2nc(-c4ccco4)nc32)cc1,9.89
NCc1ccc(CCCn2ncc3c2nc(N)n2nc(-c4ccco4)nc32)cc1,9.89
COc1ccc(CCCn2ncc3c2nc(N)n2nc(-c4ccco4)nc32)cc1,10.32
COc1ccc(CCCn2ncc3c2nc(N)n2nc(-c4ccco4)nc32)cc1,10.32
CCOC(=O)COc1ccc(CCn2ncc3c2nc(N)n2nc(-c4ccco4)nc32)cc1,9.37
Nc1ccc(CCCn2ncc3c2nc(N)n2nc(-c4ccco4)nc32)cc1,9.66
Nc1ccc(CCCn2ncc3c2nc(N)n2nc(-c4ccco4)nc32)cc1,9.66
Nc1ccc(CCCn2ncc3c2nc(N)n2nc(-c4ccco4)nc32)cc1,9.66
Nc1nc2c(cnn2CCN2CCN(c3ccc(F)cc3)CC2)c2nc(-c3ccco3)nn12,9.0
Cc1ccc(-c2ccc(CCn3ncc4c3nc(N)n3nc(-c5ccco5)nc43)cc2)cn1,9.22
Nc1nc2c(cnn2CCN2CCN(c3ccc(Cl)cc3)CC2)c2nc(-c3ccco3)nn12,9.3
COc1ccc(-c2ccc(CCn3ncc4c3nc(N)n3nc(-c5ccco5)nc43)cc2)cc1,9.3
CCOC(=O)COc1ccc(CCCn2ncc3c2nc(N)n2nc(-c4ccco4)nc32)cc1,9.37
Nc1nc2c(ncn2CCN2CCN(c3cccc(Cl)c3)CC2)c2nc(-c3ccco3)nn12,9.4
Nc1nc2c(cnn2CCc2ccc(-c3cnccn3)cc2)c2nc(-c3ccco3)nn12,9.05
Nc1nc2c(cnn2CCc2ccc(N(CCO)CCO)cc2)c2nc(-c3ccco3)nn12,9.92
Nc1nc2c(cnn2CCc2ccc(N(CCO)CCO)cc2)c2nc(-c3ccco3)nn12,9.92
Nc1nc2c(ncn2CCN2CCC(c3ccc(F)cc3)CC2)c2nc(-c3ccco3)nn12,9.05
Nc1nc2c(cnn2CCCc2ccc([N+](=O)[O-])cc2)c2nc(-c3ccco3)nn12,9.0
Nc1nc2c(cnn2CCCc2ccc([N+](=O)[O-])cc2)c2nc(-c3ccco3)nn12,9.0
Nc1nc2c(ncn2CCN2CCN(c3ccc(F)cc3F)CC2)c2nc(-c3ccco3)nn12,9.15
Nc1nc2c(cnn2CCN2CCN(c3ccccc3F)CC2)c2nc(-c3ccco3)nn12,9.22
Nc1nc2c(cnn2CCN2CCN(c3ccc(OCCO)cc3)CC2)c2nc(-c3ccco3)nn12,9.22
Nc1nc2c(cnn2CCN2CCN(c3ccc(OCCO)cc3)CC2)c2nc(-c3ccco3)nn12,9.22
COc1ccc(N2CCN(CCn3cnc4c3nc(N)n3nc(-c5ccco5)nc43)CC2)cc1,10.0
COc1ccc(N2CCN(CCn3cnc4c3nc(N)n3nc(-c5ccco5)nc43)CC2)cc1,10.0
Nc1nc2c(cnn2CCCc2ccc3c(c2)OC(CO)(CO)O3)c2nc(-c3ccco3)nn12,9.72
Nc1nc2c(cnn2CCCc2ccc3c(c2)OC(CO)(CO)O3)c2nc(-c3ccco3)nn12,9.72
Nc1nc2c(cnn2CCc2ccc(S(=O)(=O)N(CCO)CCO)cc2)c2nc(-c3ccco3)nn12,9.92
Nc1nc2c(cnn2CCc2ccc(S(=O)(=O)N(CCO)CCO)cc2)c2nc(-c3ccco3)nn12,9.1
